routeNumber,depICAO,arrICAO,aircraft,routeType,estFlightTime,rank,notes
EK1,OMDB,EGLL,A388,passenger,435,first_officer,DVA Codeshare
EK145,OMDB,EHAM,B77w,passenger,410,first_officer,DVA Codeshare
EK146,EHAM,OMDB,B77w,passenger,370,first_officer,DVA Codeshare
EK181,OMDB,EBBR,B77w,passenger,400,first_officer,DVA Codeshare
EK183,EBBR,OMDB,B77w,passenger,400,first_officer,DVA Codeshare
EK185,OMDB,LEBL,A388,passenger,435,first_officer,DVA Codeshare
EK186,LEBL,OMDB,A388,passenger,400,first_officer,DVA Codeshare
EK2,EGLL,OMDB,A388,passenger,390,first_officer,DVA Codeshare
EK213,OMDB,KMIA,B77w,passenger,960,first_officer,DVA Codeshare
EK214,KMIA,OMDB,B77w,passenger,790,first_officer,DVA Codeshare
EK247,OMDB,SBGL,B77w,passenger,870,first_officer,DVA Codeshare
EK248,SBGL,OMDB,B77w,passenger,790,first_officer,DVA Codeshare
EK261,OMDB,SBGR,A388,passenger,890,first_officer,DVA Codeshare
EK262,SBGR,OMDB,A388,passenger,870,first_officer,DVA Codeshare
EK43,OMDB,EDDF,B77w,passenger,370,first_officer,DVA Codeshare
EK44,EDDF,OMDB,B77w,passenger,345,first_officer,DVA Codeshare
EK49,OMDB,EDDM,A388,passenger,360,first_officer,DVA Codeshare
EK50,EDDM,OMDB,A388,passenger,345,first_officer,DVA Codeshare
EK701,OMDB,FIMP,A388,passenger,390,first_officer,DVA Codeshare
EK702,FIMP,OMDB,A388,passenger,390,first_officer,DVA Codeshare
EK71,OMDB,LFPG,A388,passenger,420,first_officer,DVA Codeshare
EK719,OMDB,HKJK,B77w,passenger,300,first_officer,DVA Codeshare
EK72,LFPG,OMDB,A388,passenger,375,first_officer,DVA Codeshare
EK720,HKJK,OMDB,B77w,passenger,290,first_officer,DVA Codeshare
EK751,OMDB,GMMN,A388,passenger,505,first_officer,DVA Codeshare
EK752,GMMN,OMDB,A388,passenger,455,first_officer,DVA Codeshare
EK761,OMDB,FAOR,B77w,passenger,485,first_officer,DVA Codeshare
EK762,FAOR,OMDB,B77w,passenger,480,first_officer,DVA Codeshare
EK9282,OMDW,VHHH,B77F,cargo,400,first_officer,DVA Codeshare
EK9283,VHHH,OMDW,B77F,cargo,480,first_officer,DVA Codeshare
EK9872,OMDB,ZSPD,B77F,cargo,435,first_officer,DVA Codeshare
EK9873,ZSPD,OMDB,B77F,cargo,540,first_officer,DVA Codeshare
EK9914,EHAM,OMDW,B77F,cargo,390,first_officer,DVA Codeshare
EK9915,OMDB,EHAM,B77F,cargo,400,first_officer,DVA Codeshare
EK9935,OMDB,EDDF,B77F,cargo,370,first_officer,DVA Codeshare
EK9936,EDDF,OMDB,B77F,cargo,360,first_officer,DVA Codeshare
EK9946,UUDD,OMDB,B77F,cargo,345,first_officer,DVA Codeshare
EK9947,OMDB,UUDD,B77F,cargo,300,first_officer,DVA Codeshare
EK9968,OMDB,LEMD,B77F,cargo,450,first_officer,DVA Codeshare
EK9969,LEMD,OMDB,B77F,cargo,380,first_officer,DVA Codeshare
FJ139,NFNA,NFNK,B73M, B738,passenger,60,first_officer,FJVA Codeshare
FJ140,NFNK,NFNA,B73M, B738,passenger,60,first_officer,FJVA Codeshare
FJ180,NFFN,NFNR,B73M, B738,passenger,90,first_officer,FJVA Codeshare
FJ181,NFNR,NFFN,B73M, B738,passenger,90,first_officer,FJVA Codeshare
FJ230,NGTA,NFFN,B73M,passenger,290,first_officer,FJVA Codeshare
FJ231,NFFN,NGTA,B73M,passenger,190,first_officer,FJVA Codeshare
FJ252,NSFA,NFFN,B73M,passenger,190,first_officer,FJVA Codeshare
FJ253,NFFN,NSFA,B73M,passenger,190,first_officer,FJVA Codeshare
FJ268,AGGH,NFFN,B73M,passenger,180,first_officer,FJVA Codeshare
FJ269,NFFN,AGGH,B73M,passenger,180,first_officer,FJVA Codeshare
FJ350,RJAA,NFFN,A333,passenger,600,first_officer,FJVA Codeshare
FJ351,NFFN,RJAA,A333,passenger,510,first_officer,FJVA Codeshare
FJ391,NFFN,VHHH,A333,passenger,600,first_officer,FJVA Codeshare
FJ392,VHHH,NFFN,A333,passenger,720,first_officer,FJVA Codeshare
FJ410,NZAA,NFFN,B73M, A359,passenger,190,first_officer,FJVA Codeshare
FJ411,NFFN,NZAA,B73M, A359,passenger,180,first_officer,FJVA Codeshare
FJ450,NZCH,NFFN,B73M,passenger,180,first_officer,FJVA Codeshare
FJ451,NFFN,NZCH,B73M,passenger,220,first_officer,FJVA Codeshare
FJ460,NZWN,NFFN,B73M,passenger,220,first_officer,FJVA Codeshare
FJ461,NFFN,NZWN,B73M,passenger,220,first_officer,FJVA Codeshare
FJ705,NFNR,NFFN,B73M,passenger,120,first_officer,FJVA Codeshare
FJ810,NFFN,KLAX,A359,passenger,600,first_officer,FJVA Codeshare
FJ811,KLAX,NFFN,A359,passenger,660,first_officer,FJVA Codeshare
FJ820,NFFN,PHNL,A359, B73M,passenger,390,first_officer,FJVA Codeshare
FJ821,PHNL,NFFN,A359, B73M,passenger,420,first_officer,FJVA Codeshare
FJ822,NFFN,PLCH,B73M,passenger,290,first_officer,FJVA Codeshare
FJ823,PLCH,NFFN,B73M,passenger,540,first_officer,FJVA Codeshare
FJ880,NFFN,CYVR,A359, A333,passenger,720,first_officer,FJVA Codeshare
FJ881,CYVR,NFFN,A333, A359,passenger,250,first_officer,FJVA Codeshare
FJ890,NFFN,KDFW,A359,passenger,840,first_officer,FJVA Codeshare
FJ891,KDFW,NFFN,A359,passenger,840,first_officer,FJVA Codeshare
FJ910,YSSY,NFFN,A359, B73M,passenger,300,first_officer,FJVA Codeshare
FJ911,NFFN,YSSY,A359, B73M,passenger,230,first_officer,FJVA Codeshare
FJ920,YBBN,NFFN,B73M, A359, B738,passenger,360,first_officer,FJVA Codeshare
FJ921,NFFN,YBBN,B738, B73M, A359,passenger,230,first_officer,FJVA Codeshare
FJ930,YMML,NFFN,B73M, A333, A359,passenger,270,first_officer,FJVA Codeshare
FJ931,NFFN,YMML,B73M, A333, A359,passenger,300,first_officer,FJVA Codeshare
FJ950,YSCB,NFFN,B738,passenger,230,first_officer,FJVA Codeshare
FJ951,NFFN,YSCB,B738,passenger,270,first_officer,FJVA Codeshare
FJ961,NFFN,YPAD,B73M,passenger,360,first_officer,FJVA Codeshare
HY101,UZTT,KJFK,B788,passenger,555,first_officer,[B] Uzbekistan Airlines
HY102,KJFK,UZTT,B788,passenger,555,first_officer,[B] Uzbekistan Airlines
HY11,UZTT,UZNN,A320,passenger,70,first_officer,[B] Uzbekistan Airlines
HY12,UZNN,UZTT,A320,passenger,70,first_officer,[B] Uzbekistan Airlines
HY201,UZTT,EGLL,A321,passenger,260,first_officer,[B] Uzbekistan Airlines
HY202,EGLL,UZTT,A321,passenger,260,first_officer,[B] Uzbekistan Airlines
HY203,UZTT,EGKK,A321,passenger,260,first_officer,[B] Uzbekistan Airlines
HY204,EGKK,UZTT,A321,passenger,260,first_officer,[B] Uzbekistan Airlines
HY21,UZTT,UZSB,A320,passenger,90,first_officer,[B] Uzbekistan Airlines
HY211,UZTT,EVRA,B752,passenger,225,first_officer,[B] Uzbekistan Airlines
HY212,EVRA,UZTT,B752,passenger,225,first_officer,[B] Uzbekistan Airlines
HY22,UZSB,UZTT,A320,passenger,90,first_officer,[B] Uzbekistan Airlines
HY231,UZTT,EDDF,B789,passenger,165,first_officer,[B] Uzbekistan Airlines
HY232,EDDF,UZTT,B789,passenger,165,first_officer,[B] Uzbekistan Airlines
HY235,UZTT,EDDM,A321,passenger,165,first_officer,[B] Uzbekistan Airlines
HY236,EDDM,UZTT,A321,passenger,165,first_officer,[B] Uzbekistan Airlines
HY251,UZTT,LFPG,A321,passenger,210,first_officer,[B] Uzbekistan Airlines
HY252,LFPG,UZTT,A321,passenger,210,first_officer,[B] Uzbekistan Airlines
HY255,UZTT,LIMC,A320,passenger,225,first_officer,[B] Uzbekistan Airlines
HY256,LIMC,UZTT,A320,passenger,225,first_officer,[B] Uzbekistan Airlines
HY271,UZTT,LTFM,B752,passenger,170,first_officer,[B] Uzbekistan Airlines
HY272,LTFM,UZTT,B752,passenger,170,first_officer,[B] Uzbekistan Airlines
HY291,UZTT,LTAC,A320,passenger,150,first_officer,[B] Uzbekistan Airlines
HY292,LTAC,UZTT,A320,passenger,150,first_officer,[B] Uzbekistan Airlines
HY301,UZTT,LLBG,A321,passenger,165,first_officer,[B] Uzbekistan Airlines
HY302,LLBG,UZTT,A321,passenger,165,first_officer,[B] Uzbekistan Airlines
HY335,UZTT,OEJN,B752,passenger,195,first_officer,[B] Uzbekistan Airlines
HY336,OEJN,UZTT,B752,passenger,195,first_officer,[B] Uzbekistan Airlines
HY341,UZTT,HESH,A321,passenger,195,first_officer,[B] Uzbekistan Airlines
HY342,HESH,UZTT,A321,passenger,195,first_officer,[B] Uzbekistan Airlines
HY41,UZTT,UZSS,A320,passenger,50,first_officer,[B] Uzbekistan Airlines
HY42,UZSS,UZTT,A320,passenger,50,first_officer,[B] Uzbekistan Airlines
HY421,UZTT,VIDP,A321,passenger,165,first_officer,[B] Uzbekistan Airlines
HY422,VIDP,UZTT,A321,passenger,165,first_officer,[B] Uzbekistan Airlines
HY423,UZTT,VIDP,B752,passenger,165,first_officer,[B] Uzbekistan Airlines
HY424,VIDP,UZTT,B752,passenger,165,first_officer,[B] Uzbekistan Airlines
HY427,UZTT,VABB,A321,passenger,150,first_officer,[B] Uzbekistan Airlines
HY428,VABB,UZTT,A321,passenger,150,first_officer,[B] Uzbekistan Airlines
HY429,UZTT,VOGA,A321,passenger,170,first_officer,[B] Uzbekistan Airlines
HY430,VOGA,UZTT,A321,passenger,170,first_officer,[B] Uzbekistan Airlines
HY461,UZTT,OPLA,A320,passenger,120,first_officer,[B] Uzbekistan Airlines
HY462,OPLA,UZTT,A320,passenger,120,first_officer,[B] Uzbekistan Airlines
HY465,UZTT,OPIS,A321,passenger,90,first_officer,[B] Uzbekistan Airlines
HY466,OPIS,UZTT,A321,passenger,90,first_officer,[B] Uzbekistan Airlines
HY501,UZTT,ZBAA,B788,passenger,390,first_officer,[B] Uzbekistan Airlines
HY502,ZBAA,UZTT,B788,passenger,390,first_officer,[B] Uzbekistan Airlines
HY503,UZTT,ZSHC,B789,passenger,420,first_officer,[B] Uzbekistan Airlines
HY504,ZSHC,UZTT,B789,passenger,420,first_officer,[B] Uzbekistan Airlines
HY507,UZTT,ZWWW,A321,passenger,105,first_officer,[B] Uzbekistan Airlines
HY508,ZWWW,UZTT,A321,passenger,105,first_officer,[B] Uzbekistan Airlines
HY51,UZTT,UZNU,A321,passenger,105,first_officer,[B] Uzbekistan Airlines
HY511,UZTT,RKSI,B789,passenger,390,first_officer,[B] Uzbekistan Airlines
HY512,RKSI,UZTT,B789,passenger,390,first_officer,[B] Uzbekistan Airlines
HY52,UZNU,UZTT,A321,passenger,105,first_officer,[B] Uzbekistan Airlines
HY527,UZTT,RJAA,B788,passenger,540,first_officer,[B] Uzbekistan Airlines
HY528,RJAA,UZTT,B788,passenger,540,first_officer,[B] Uzbekistan Airlines
HY531,UZTT,VTBS,B752,passenger,315,first_officer,[B] Uzbekistan Airlines
HY532,VTBS,UZTT,B752,passenger,315,first_officer,[B] Uzbekistan Airlines
HY553,UZTT,WMKK,B788,passenger,330,first_officer,[B] Uzbekistan Airlines
HY554,WMKK,UZTT,B788,passenger,330,first_officer,[B] Uzbekistan Airlines
HY565,UZTT,VVPQ,A321,passenger,225,first_officer,[B] Uzbekistan Airlines
HY566,VVPQ,UZTT,A321,passenger,225,first_officer,[B] Uzbekistan Airlines
HY601,UZTT,UUDD,B789,passenger,75,first_officer,[B] Uzbekistan Airlines
HY602,UUDD,UZTT,B789,passenger,75,first_officer,[B] Uzbekistan Airlines
HY603,UZTT,UUDD,B752,passenger,75,first_officer,[B] Uzbekistan Airlines
HY604,UUDD,UZTT,B752,passenger,75,first_officer,[B] Uzbekistan Airlines
HY611,UZTT,UUUW,B752,passenger,50,first_officer,[B] Uzbekistan Airlines
HY612,UUUW,UZTT,B752,passenger,50,first_officer,[B] Uzbekistan Airlines
HY631,UZTT,ULLI,A321,passenger,165,first_officer,[B] Uzbekistan Airlines
HY632,ULLI,UZTT,A321,passenger,165,first_officer,[B] Uzbekistan Airlines
HY645,UZTT,URMM,A320,passenger,80,first_officer,[B] Uzbekistan Airlines
HY646,URMM,UZTT,A320,passenger,80,first_officer,[B] Uzbekistan Airlines
HY647,UZTT,URSS,A320,passenger,135,first_officer,[B] Uzbekistan Airlines
HY648,URSS,UZTT,A320,passenger,135,first_officer,[B] Uzbekistan Airlines
HY649,UZTT,UWKD,A321,passenger,75,first_officer,[B] Uzbekistan Airlines
HY650,UWKD,UZTT,A321,passenger,75,first_officer,[B] Uzbekistan Airlines
HY667,UZTT,UNNT,A321,passenger,75,first_officer,[B] Uzbekistan Airlines
HY668,UNNT,UZTT,A321,passenger,75,first_officer,[B] Uzbekistan Airlines
HY687,UZTT,UIKK,A320,passenger,90,first_officer,[B] Uzbekistan Airlines
HY688,UIKK,UZTT,A320,passenger,90,first_officer,[B] Uzbekistan Airlines
HY69,UZTT,UZMT,A321,passenger,75,first_officer,[B] Uzbekistan Airlines
HY70,UZMT,UZTT,A321,passenger,75,first_officer,[B] Uzbekistan Airlines
HY705,UZTT,UUHH,B752,passenger,180,first_officer,[B] Uzbekistan Airlines
HY706,UUHH,UZTT,B752,passenger,180,first_officer,[B] Uzbekistan Airlines
HY707,UZTT,UHWW,B752,passenger,195,first_officer,[B] Uzbekistan Airlines
HY708,UHWW,UZTT,B752,passenger,195,first_officer,[B] Uzbekistan Airlines
HY709,UZTT,UMMS,A320,passenger,315,first_officer,[B] Uzbekistan Airlines
HY710,UMMS,UZTT,A320,passenger,315,first_officer,[B] Uzbekistan Airlines
HY717,UZTT,UTDD,A320,passenger,50,first_officer,[B] Uzbekistan Airlines
HY718,UTDD,UZTT,A320,passenger,50,first_officer,[B] Uzbekistan Airlines
HY721,UZTT,UAZC,A320,passenger,120,first_officer,[B] Uzbekistan Airlines
HY722,UAZC,UZTT,A320,passenger,120,first_officer,[B] Uzbekistan Airlines
HY745,UZTT,UGTB,A321,passenger,160,first_officer,[B] Uzbekistan Airlines
HY746,UGTB,UZTT,A321,passenger,160,first_officer,[B] Uzbekistan Airlines
HY755,UZTT,UBBB,A321,passenger,120,first_officer,[B] Uzbekistan Airlines
HY756,UBBB,UZTT,A321,passenger,120,first_officer,[B] Uzbekistan Airlines
HY761,UZTT,UAAA,A320,passenger,75,first_officer,[B] Uzbekistan Airlines
HY762,UAAA,UZTT,A320,passenger,75,first_officer,[B] Uzbekistan Airlines
HY777,UZTT,UCFM,A320,passenger,60,first_officer,[B] Uzbekistan Airlines
HY778,UCFM,UZTT,A320,passenger,60,first_officer,[B] Uzbekistan Airlines
HY83,UZTT,UZFF,A320,passenger,40,first_officer,[B] Uzbekistan Airlines
HY84,UZFF,UZTT,A320,passenger,40,first_officer,[B] Uzbekistan Airlines
HY91,UZTT,UZFN,A321,passenger,35,first_officer,[B] Uzbekistan Airlines
HY92,UZFN,UZTT,A321,passenger,35,first_officer,[B] Uzbekistan Airlines
HY95,UZTT,UZFA,A320,passenger,45,first_officer,[B] Uzbekistan Airlines
HY96,UZFA,UZTT,A320,passenger,45,first_officer,[B] Uzbekistan Airlines
HY9657,UZTT,UWUU,A321,passenger,185,first_officer,[B] Uzbekistan Airlines
HY9658,UWUU,UZTT,A321,passenger,185,first_officer,[B] Uzbekistan Airlines
HY9661,UZTT,USSS,A321,passenger,180,first_officer,[B] Uzbekistan Airlines
HY9662,USSS,UZTT,A321,passenger,166,first_officer,[B] Uzbekistan Airlines
HY9665,UZTT,USNN,A321,passenger,235,first_officer,[B] Uzbekistan Airlines
HY9666,USNN,UZTT,A321,passenger,235,first_officer,[B] Uzbekistan Airlines
HY9671,UZTT,UWGG,A321,passenger,120,first_officer,[B] Uzbekistan Airlines
HY9671,UZTT,UWGG,A321,passenger,120,first_officer,[B] Uzbekistan Airlines
HY9673,UZTT,UUII,A320,passenger,245,first_officer,[B] Uzbekistan Airlines
HY9674,UUII,UZTT,A320,passenger,245,first_officer,[B] Uzbekistan Airlines
HY9683,UZTT,UNKL,A321,passenger,90,first_officer,[B] Uzbekistan Airlines
HY9684,UNKL,UZTT,A321,passenger,90,first_officer,[B] Uzbekistan Airlines
HY9701,UZTT,URMG,A321,passenger,160,first_officer,[B] Uzbekistan Airlines
HY9702,URMG,UZTT,A321,passenger,160,first_officer,[B] Uzbekistan Airlines
HY9731,UZTT,URML,A321,passenger,75,first_officer,[B] Uzbekistan Airlines
HY9732,URML,UZTT,A321,passenger,75,first_officer,[B] Uzbekistan Airlines
ID6080,WIII,YPPH,A320,passenger,290,first_officer,LGVA Codeshare
J2107,UBBB,EGKK,A320,passenger,340,first_officer,[B] Azerbaijan Airlines
J2108,EGKK,UBBB,A320,passenger,300,first_officer,[B] Azerbaijan Airlines
J2109,UBBB,LKPR,A320,passenger,270,first_officer,[B] Azerbaijan Airlines
J211,UBBB,OMDB,B752,passenger,140,first_officer,[B] Azerbaijan Airlines
J2110,LKPR,UBBB,A320,passenger,235,first_officer,[B] Azerbaijan Airlines
J212,OMDB,UBBB,B752,passenger,165,first_officer,[B] Azerbaijan Airlines
J2143,UBBB,OPIS,A319,passenger,175,first_officer,[B] Azerbaijan Airlines
J2144,OPIS,UBBB,A319,passenger,215,first_officer,[B] Azerbaijan Airlines
J2181,UBBB,UUDD,A320,passenger,180,first_officer,[B] Azerbaijan Airlines
J2182,UUDD,UBBB,A320,passenger,180,first_officer,[B] Azerbaijan Airlines
J219,UBBB,ULLI,A320,passenger,195,first_officer,[B] Azerbaijan Airlines
J220,ULLI,UBBB,A320,passenger,210,first_officer,[B] Azerbaijan Airlines
J221,UBBB,LLBG,B788,passenger,165,first_officer,[B] Azerbaijan Airlines
J222,LLBG,UBBB,B788,passenger,155,first_officer,[B] Azerbaijan Airlines
J2251,UBBB,UBBN,E190,passenger,55,first_officer,[B] Azerbaijan Airlines
J2252,UBBN,UBBB,E190,passenger,50,first_officer,[B] Azerbaijan Airlines
J2301,UBBB,VRMM,A320,passenger,390,first_officer,[B] Azerbaijan Airlines
J2302,VRMM,UBBB,A320,passenger,440,first_officer,[B] Azerbaijan Airlines
J235,UBBB,LIMC,A320,passenger,290,first_officer,[B] Azerbaijan Airlines
J236,LIMC,UBBB,A320,passenger,255,first_officer,[B] Azerbaijan Airlines
J25041,UBBB,HECA,E190,passenger,225,first_officer,[B] Azerbaijan Airlines
J25042,HECA,UBBB,E190,passenger,205,first_officer,[B] Azerbaijan Airlines
J25111,UBBB,OTHH,A320,passenger,150,first_officer,[B] Azerbaijan Airlines
J25112,OTHH,UBBB,A320,passenger,150,first_officer,[B] Azerbaijan Airlines
J2523,UBBB,UCFM,E190,passenger,155,first_officer,[B] Azerbaijan Airlines
J2524,UCFM,UBBB,E190,passenger,195,first_officer,[B] Azerbaijan Airlines
J2525,UBBB,UTDD,E190,passenger,125,first_officer,[B] Azerbaijan Airlines
J2526,UTDD,UBBB,E190,passenger,150,first_officer,[B] Azerbaijan Airlines
J2527,UBBB,UTNU,E190,passenger,80,first_officer,[B] Azerbaijan Airlines
J2528,UTNU,UBBB,E190,passenger,100,first_officer,[B] Azerbaijan Airlines
J2529,UBBB,UZSS,E190,passenger,115,first_officer,[B] Azerbaijan Airlines
J253,UBBB,UAAA,A320,passenger,170,first_officer,[B] Azerbaijan Airlines
J2530,UZSS,UBBB,E190,passenger,140,first_officer,[B] Azerbaijan Airlines
J2531,UBBB,UZTT,A320,passenger,120,first_officer,[B] Azerbaijan Airlines
J2532,UZTT,UBBB,A320,passenger,145,first_officer,[B] Azerbaijan Airlines
J254,UAAA,UBBB,A320,passenger,200,first_officer,[B] Azerbaijan Airlines
J257,UBBB,VIDP,A320,passenger,220,first_officer,[B] Azerbaijan Airlines
J258,VIDP,UBBB,A320,passenger,255,first_officer,[B] Azerbaijan Airlines
J259,UBBB,VABB,A320,passenger,285,first_officer,[B] Azerbaijan Airlines
J260,VABB,UBBB,A320,passenger,300,first_officer,[B] Azerbaijan Airlines
J263,UBBB,EDDB,A320,passenger,270,first_officer,[B] Azerbaijan Airlines
J264,EDDB,UBBB,A320,passenger,240,first_officer,[B] Azerbaijan Airlines
J2645,UBBB,USSS,A320,passenger,160,first_officer,[B] Azerbaijan Airlines
J2646,USSS,UBBB,A320,passenger,170,first_officer,[B] Azerbaijan Airlines
J267,UBBB,ZBAA,B788,passenger,400,first_officer,[B] Azerbaijan Airlines
J26735,UBBB,OBBI,A319,passenger,135,first_officer,[B] Azerbaijan Airlines
J26736,OBBI,UBBB,A319,passenger,135,first_officer,[B] Azerbaijan Airlines
J26739,UMMS,UBBB,A320,passenger,235,first_officer,[B] Azerbaijan Airlines
J26740,UBBB,UMMS,A320,passenger,235,first_officer,[B] Azerbaijan Airlines
J268,ZBAA,UBBB,B788,passenger,465,first_officer,[B] Azerbaijan Airlines
J27,UBBB,EGLL,B788,passenger,315,first_officer,[B] Azerbaijan Airlines
J2703,UBBB,LUKK,E190,passenger,180,first_officer,[B] Azerbaijan Airlines
J2704,LUKK,UBBB,E190,passenger,180,first_officer,[B] Azerbaijan Airlines
J271,UBBB,LOWW,A320,passenger,250,first_officer,[B] Azerbaijan Airlines
J272,LOWW,UBBB,A320,passenger,210,first_officer,[B] Azerbaijan Airlines
J273,UBBB,LFPG,A320,passenger,345,first_officer,[B] Azerbaijan Airlines
J274,LFPG,UBBB,A320,passenger,290,first_officer,[B] Azerbaijan Airlines
J275,UBBB,LTFM,B788,passenger,155,first_officer,[B] Azerbaijan Airlines
J276,LTFM,UBBB,B788,passenger,135,first_officer,[B] Azerbaijan Airlines
J28,EGLL,UBBB,B788,passenger,285,first_officer,[B] Azerbaijan Airlines
J28003,UBBB,LTAC,A320,passenger,120,first_officer,[B] Azerbaijan Airlines
J28004,LTAC,UBBB,A320,passenger,115,first_officer,[B] Azerbaijan Airlines
J28017,UBBB,OIIE,E190,passenger,90,first_officer,[B] Azerbaijan Airlines
J28018,OIIE,UBBB,E190,passenger,90,first_officer,[B] Azerbaijan Airlines
J28047,UBBB,LTCG,E190,passenger,95,first_officer,[B] Azerbaijan Airlines
J28048,LTCG,UBBB,E190,passenger,80,first_officer,[B] Azerbaijan Airlines
J28049,UBBB,UACC,A320,passenger,165,first_officer,[B] Azerbaijan Airlines
J2805,UBBB,UUWW,A320,passenger,180,first_officer,[B] Azerbaijan Airlines
J28050,UACC,UBBB,A320,passenger,165,first_officer,[B] Azerbaijan Airlines
J2806,UUWW,UBBB,A320,passenger,175,first_officer,[B] Azerbaijan Airlines
J28103,UBBB,LTFJ,A320,passenger,165,first_officer,[B] Azerbaijan Airlines
J28104,LTFJ,UBBB,A320,passenger,130,first_officer,[B] Azerbaijan Airlines
J28203,UBBB,OERK,A320,passenger,210,first_officer,[B] Azerbaijan Airlines
J28204,OERK,UBBB,A320,passenger,205,first_officer,[B] Azerbaijan Airlines
JT11,WADD,WIII,B38M, B739, A339,passenger,110,first_officer,LGVA Codeshare
JT158,WIII,WSSS,B739, B38M,passenger,110,first_officer,LGVA Codeshare
JT268,WARR,WAQQ,B38M, B739,passenger,140,first_officer,LGVA Codeshare
JT280,WIII,WMKK,B38M, B739, A339,passenger,120,first_officer,LGVA Codeshare
JT543,WAHI,WIII,B38M, B739,passenger,61,first_officer,LGVA Codeshare
JT560,WAHI,WADD,B38M, B739,passenger,90,first_officer,LGVA Codeshare
JT747,WAAA,WADD,B38M, B739,passenger,100,first_officer,LGVA Codeshare
JT751,WALL,WIII,B38M, B739, A339,passenger,140,first_officer,LGVA Codeshare
JT794,WIII,WAJJ,B38M, B739,passenger,340,first_officer,LGVA Codeshare
PASSENGER,OOMS,LFPG,B789,passenger,390,first_officer,WYVA Codeshare
PASSENGER,OOMS,EHAM,B789,passenger,390,first_officer,WYVA Codeshare
PASSENGER,OOMS,VTBS,B789, B788,passenger,340,first_officer,WYVA Codeshare
PASSENGER,OTHH,OMSS,B73M, B738,passenger,60,first_officer,WYVA Codeshare
PASSENGER,OOMS,LGAV,B738,passenger,270,first_officer,WYVA Codeshare
PASSENGER,OOMS,EDDF,B789,passenger,150,first_officer,WYVA Codeshare
PASSENGER,EGLL,OOMS,B789,passenger,450,first_officer,WYVA Codeshare
PASSENGER,WIII,OOMS,B789,passenger,420,first_officer,WYVA Codeshare
PASSENGER,VIPD,OOMS,B73M, B738,passenger,240,first_officer,WYVA Codeshare
PASSENGER,LSZH,OOMS,B788,passenger,360,first_officer,WYVA Codeshare
PASSENGER,RPLL,OOMS,B789,passenger,465,first_officer,WYVA Codeshare
PASSENGER,OOMS,OEJN,B73M, B738,passenger,135,first_officer,WYVA Codeshare
PASSENGER,VABB,OOMS,B73M, B738,passenger,150,first_officer,WYVA Codeshare
PASSENGER,EDDF,OOMS,B789,passenger,420,first_officer,WYVA Codeshare
PASSENGER,VTBS,OOMS,B789, B788,passenger,340,first_officer,WYVA Codeshare
PASSENGER,UUEE,OOMS,B73M, B738,passenger,300,first_officer,WYVA Codeshare
PASSENGER,OOMS,RPLL,B789,passenger,465,first_officer,WYVA Codeshare
PASSENGER,OOMS,EGLL,B789,passenger,450,first_officer,WYVA Codeshare
PASSENGER,OOMS,LSZH,B788,passenger,360,first_officer,WYVA Codeshare
PASSENGER,OMAA,OOMS,B73M, B738,passenger,60,first_officer,WYVA Codeshare
PASSENGER,VOBL,OOMS,B738,passenger,210,first_officer,WYVA Codeshare
PASSENGER,OOMS,UUEE,B73M, B738,passenger,300,first_officer,WYVA Codeshare
PASSENGER,OOMS,VABB,B73M, B738,passenger,150,first_officer,WYVA Codeshare
PASSENGER,LFPG,OOMS,B789,passenger,390,first_officer,WYVA Codeshare
PASSENGER,OOMS,OTHH,B73M, B738,passenger,60,first_officer,WYVA Codeshare
PASSENGER,OOMS,OJAI,B738,passenger,180,first_officer,WYVA Codeshare
PASSENGER,EHAM,OOMS,B789,passenger,390,first_officer,WYVA Codeshare
PASSENGER,LGAV,OOMS,B738,passenger,270,first_officer,WYVA Codeshare
PASSENGER,OOMS,VOBL,B738,passenger,210,first_officer,WYVA Codeshare
PASSENGER,OOMS,VIPD,B73M, B738,passenger,240,first_officer,WYVA Codeshare
QR1,OTHH,EGLL,A359, A359, A388, B77w,passenger,420,first_officer,QRV Codeshare
QR100,LSGG,OTHH,A359,passenger,335,first_officer,QRV Codeshare
QR1122,OTHH,OOMS,A320, A333, A359, B788, B789,passenger,70,first_officer,QRV Codeshare
QR1123,OOMS,OTHH,A320, A333, A359, B788, B789,passenger,75,first_officer,QRV Codeshare
QR117,OTHH,LIMC,A359,passenger,340,first_officer,QRV Codeshare
QR117,OTHH,LIMC,A359,passenger,340,first_officer,QRV Codeshare
QR118,LIMC,OTHH,A359,passenger,315,first_officer,QRV Codeshare
QR118,LIMC,OTHH,A359,passenger,315,first_officer,QRV Codeshare
QR1301,OTHH,HECA,A320, A333, A359, A359, B77w, B788,passenger,170,first_officer,QRV Codeshare
QR1302,HECA,OTHH,A320, A333, A359, A359, B77w, B788,passenger,175,first_officer,QRV Codeshare
QR1354,FAOR,OTHH,B788, B789,passenger,480,first_officer,QRV Codeshare
QR1363,OTHH,FAOR,B788, B789,passenger,465,first_officer,QRV Codeshare
QR167,OTHH,ESSA,B788,passenger,375,first_officer,QRV Codeshare
QR168,ESSA,OTHH,B788,passenger,350,first_officer,QRV Codeshare
QR183,OTHH,LOWW,A320, A359,passenger,310,first_officer,QRV Codeshare
QR184,LOWW,OTHH,A320, A359,passenger,285,first_officer,QRV Codeshare
QR2,EGLL,OTHH,A359, A359, A388, B77w,passenger,360,first_officer,QRV Codeshare
QR21,OTHH,EGCC,A359, B789, A359,passenger,420,first_officer,QRV Codeshare
QR22,EGCC,OTHH,A359, B789, A359,passenger,365,first_officer,QRV Codeshare
QR259,OTHH,EPWA,A333, A359,passenger,315,first_officer,QRV Codeshare
QR260,EPWA,OTHH,A333, A359,passenger,290,first_officer,QRV Codeshare
QR273,OTHH,EHAM,B77w,passenger,385,first_officer,QRV Codeshare
QR274,EHAM,OTHH,A359, B77w,passenger,340,first_officer,QRV Codeshare
QR327,OTHH,EGKK,B789,passenger,405,first_officer,QRV Codeshare
QR328,EGKK,OTHH,B789,passenger,350,first_officer,QRV Codeshare
QR377,OTHH,UTTT,A320,passenger,250,first_officer,QRV Codeshare
QR378,UTTT,OTHH,A320,passenger,255,first_officer,QRV Codeshare
QR534,OTHH,VAAH,A320, B788,passenger,175,first_officer,QRV Codeshare
QR535,VAAH,OTHH,A320, B788,passenger,165,first_officer,QRV Codeshare
QR556,OTHH,VABB,A359, B77w, A359,passenger,190,first_officer,QRV Codeshare
QR557,VABB,OTHH,A359, B77w, A359,passenger,170,first_officer,QRV Codeshare
QR678,OTHH,FSIA,B77L, B77w,passenger,260,first_officer,QRV Codeshare
QR679,FSIA,OTHH,B77L, B77w,passenger,255,first_officer,QRV Codeshare
QR707,OTHH,KIAD,A359, B77w,passenger,825,first_officer,QRV Codeshare
QR708,KIAD,OTHH,A359, B77w,passenger,775,first_officer,QRV Codeshare
QR713,OTHH,KIAH,A359, A359,passenger,960,first_officer,QRV Codeshare
QR714,KIAH,OTHH,A359, A359,passenger,880,first_officer,QRV Codeshare
QR725,OTHH,KORD,B77w,passenger,865,first_officer,QRV Codeshare
QR726,KORD,OTHH,B77w,passenger,800,first_officer,QRV Codeshare
QR755,OTHH,KATL,A359, A359,passenger,880,first_officer,QRV Codeshare
QR756,KATL,OTHH,A359, A359,passenger,825,first_officer,QRV Codeshare
QR773,OTHH,SBGR,A359, B77L, B77w,passenger,840,first_officer,QRV Codeshare
QR774,SBGR,OTHH,A359, B77L, B77w,passenger,850,first_officer,QRV Codeshare
QR802,OTHH,RJBB,A359,passenger,560,first_officer,QRV Codeshare
QR803,RJBB,OTHH,A359,passenger,620,first_officer,QRV Codeshare
QR842,OTHH,VTSP,B77w, B788,passenger,400,first_officer,QRV Codeshare
QR843,VTSP,OTHH,B77w, B788,passenger,365,first_officer,QRV Codeshare
QR898,OTHH,YBBN,B77w,passenger,825,first_officer,QRV Codeshare
QR899,YBBN,OTHH,B77w,passenger,840,first_officer,QRV Codeshare
QR904,OTHH,YMML,B77w,passenger,755,first_officer,QRV Codeshare
QR905,YMML,OTHH,B77w,passenger,810,first_officer,QRV Codeshare
QR920,OTHH,NZAA,B77L,passenger,950,first_officer,QRV Codeshare
QR921,NZAA,OTHH,B77L,passenger,1020,first_officer,QRV Codeshare
QR93,OTHH,LSZH,A359,passenger,350,first_officer,QRV Codeshare
QR94,LSZH,OTHH,A359,passenger,315,first_officer,QRV Codeshare
QR942,OTHH,WSSS,A359, A359,passenger,450,first_officer,QRV Codeshare
QR943,WSSS,OTHH,A359, A359,passenger,420,first_officer,QRV Codeshare
QR954,OTHH,WIII,A359,passenger,510,first_officer,QRV Codeshare
QR955,WIII,OTHH,A359,passenger,450,first_officer,QRV Codeshare
QR99,OTHH,LSGG,A359,passenger,365,first_officer,QRV Codeshare
S71011,UUDD,ULLI,A320,passenger,90,first_officer,[B] S7 Airlines
S71012,ULLI,UUDD,A320,passenger,90,first_officer,[B] S7 Airlines
S71051,UUDD,UWKD,A319,passenger,95,first_officer,[B] S7 Airlines
S71052,UWKD,UUDD,A319,passenger,95,first_officer,[B] S7 Airlines
S71073,UUDD,UWWW,A320,passenger,100,first_officer,[B] S7 Airlines
S71074,UWWW,UUDD,A320,passenger,100,first_officer,[B] S7 Airlines
S71137,UUDD,UWUU,A319,passenger,120,first_officer,[B] S7 Airlines
S71138,UWUU,UUDD,A319,passenger,120,first_officer,[B] S7 Airlines
S71195,UUDD,UWPP,A320,passenger,90,first_officer,[B] S7 Airlines
S71196,UWPP,UUDD,A320,passenger,90,first_officer,[B] S7 Airlines
S71211,UUDD,UMKK,A320,passenger,135,first_officer,[B] S7 Airlines
S71212,UMKK,UUDD,A320,passenger,135,first_officer,[B] S7 Airlines
S71255,UUDD,ULMK,A320,passenger,150,first_officer,[B] S7 Airlines
S71256,ULMK,UUDD,A320,passenger,150,first_officer,[B] S7 Airlines
S72041,UUDD,URSS,A320,passenger,140,first_officer,[B] S7 Airlines
S72042,URSS,UUDD,A320,passenger,140,first_officer,[B] S7 Airlines
S72048,URSS,UUDD,A320,passenger,140,first_officer,[B] S7 Airlines
S72071,UUDD,URKK,A320,passenger,140,first_officer,[B] S7 Airlines
S72072,URKK,UUDD,A320,passenger,140,first_officer,[B] S7 Airlines
S72145,UUDD,URWW,A320,passenger,120,first_officer,[B] S7 Airlines
S72146,URWW,UUDD,A320,passenger,120,first_officer,[B] S7 Airlines
S72153,UUDD,URMO,A320,passenger,185,first_officer,[B] S7 Airlines
S72154,URMO,UUDD,A320,passenger,185,first_officer,[B] S7 Airlines
S72157,UUDD,URML,A320,passenger,160,first_officer,[B] S7 Airlines
S72158,URML,UUDD,A320,passenger,160,first_officer,[B] S7 Airlines
S72167,UUDD,URMM,A320,passenger,150,first_officer,[B] S7 Airlines
S72168,URMM,UUDD,A320,passenger,150,first_officer,[B] S7 Airlines
S72504,UNNT,UUDD,A321,passenger,240,first_officer,[B] S7 Airlines
S72509,UUDD,UNNT,B738,passenger,240,first_officer,[B] S7 Airlines
S72565,UUDD,UNOO,A320,passenger,200,first_officer,[B] S7 Airlines
S72566,UNOO,UUDD,A320,passenger,200,first_officer,[B] S7 Airlines
S72571,UUDD,USMU,A320,passenger,210,first_officer,[B] S7 Airlines
S72572,USMU,UUDD,A320,passenger,210,first_officer,[B] S7 Airlines
S72581,UUDD,UOOO,A320,passenger,240,first_officer,[B] S7 Airlines
S72582,UOOO,UUDD,A320,passenger,240,first_officer,[B] S7 Airlines
S72593,UUDD,UNAA,A320,passenger,255,first_officer,[B] S7 Airlines
S72594,UNAA,UUDD,A320,passenger,255,first_officer,[B] S7 Airlines
S72601,UUDD,UNBB,A320,passenger,250,first_officer,[B] S7 Airlines
S72602,UNBB,UUDD,A320,passenger,250,first_officer,[B] S7 Airlines
S72605,UUDD,UNEE,A319,passenger,240,first_officer,[B] S7 Airlines
S72606,UNEE,UUDD,A319,passenger,240,first_officer,[B] S7 Airlines
S72615,UUDD,UNTT,A319,passenger,240,first_officer,[B] S7 Airlines
S72616,UNTT,UUDD,A319,passenger,240,first_officer,[B] S7 Airlines
S72625,UUDD,UNWW,A320,passenger,255,first_officer,[B] S7 Airlines
S72626,UNWW,UUDD,A320,passenger,255,first_officer,[B] S7 Airlines
S72629,UUDD,UNBG,A320,passenger,260,first_officer,[B] S7 Airlines
S72630,UNBG,UUDD,A320,passenger,260,first_officer,[B] S7 Airlines
S73007,UUDD,UEEE,A20N,passenger,390,first_officer,[B] S7 Airlines
S73008,UEEE,UUDD,A20N,passenger,390,first_officer,[B] S7 Airlines
S73020,UIII,UUDD,A320,passenger,330,first_officer,[B] S7 Airlines
S73021,UUDD,UIII,B738,passenger,330,first_officer,[B] S7 Airlines
S73022,UIII,UUDD,A320,passenger,330,first_officer,[B] S7 Airlines
S73031,UUDD,UIUU,A320,passenger,350,first_officer,[B] S7 Airlines
S73032,UIUU,UUDD,A320,passenger,350,first_officer,[B] S7 Airlines
S73041,UUDD,UIBB,A320,passenger,315,first_officer,[B] S7 Airlines
S73042,UIBB,UUDD,A320,passenger,315,first_officer,[B] S7 Airlines
S73045,UUDD,UIAA,A20N,passenger,375,first_officer,[B] S7 Airlines
S73046,UIAA,UUDD,A20N,passenger,375,first_officer,[B] S7 Airlines
S73061,UUDD,UHBB,A20N,passenger,450,first_officer,[B] S7 Airlines
S73062,UHBB,UUDD,A20N,passenger,450,first_officer,[B] S7 Airlines
S73235,UUDD,UTAA,A321,passenger,210,first_officer,[B] S7 Airlines
S73236,UTAA,UUDD,A321,passenger,210,first_officer,[B] S7 Airlines
S73240,UTAA,UUDD,A320,passenger,210,first_officer,[B] S7 Airlines
S73245,UUDD,UZNU,A320,passenger,180,first_officer,[B] S7 Airlines
S73246,UZNU,UUDD,A320,passenger,180,first_officer,[B] S7 Airlines
S73275,UUDD,UASK,A320,passenger,270,first_officer,[B] S7 Airlines
S73276,UASK,UUDD,A320,passenger,270,first_officer,[B] S7 Airlines
S73739,UUDD,LTAI,A320,passenger,195,first_officer,[B] S7 Airlines
S73740,LTAI,UUDD,A320,passenger,195,first_officer,[B] S7 Airlines
S73749,UUDD,LTFM,A320,passenger,180,first_officer,[B] S7 Airlines
S73750,LTFM,UUDD,A320,passenger,180,first_officer,[B] S7 Airlines
S73773,UUDD,OMDW,A320,passenger,300,first_officer,[B] S7 Airlines
S73774,OMDW,UUDD,A320,passenger,300,first_officer,[B] S7 Airlines
S75003,UNNT,ULLI,A20N,passenger,310,first_officer,[B] S7 Airlines
S75004,ULLI,UNNT,A20N,passenger,310,first_officer,[B] S7 Airlines
S75013,UNNT,USSS,E175,passenger,135,first_officer,[B] S7 Airlines
S75014,USSS,UNNT,E175,passenger,135,first_officer,[B] S7 Airlines
S75023,UNNT,USCC,E175,passenger,140,first_officer,[B] S7 Airlines
S75024,USCC,UNNT,E175,passenger,140,first_officer,[B] S7 Airlines
S75031,UNNT,UWWW,E175,passenger,210,first_officer,[B] S7 Airlines
S75032,UWWW,UNNT,E175,passenger,210,first_officer,[B] S7 Airlines
S75035,UNNT,UWKD,E175,passenger,210,first_officer,[B] S7 Airlines
S75036,UWKD,UNNT,E175,passenger,210,first_officer,[B] S7 Airlines
S75039,UNNT,USPP,E175,passenger,165,first_officer,[B] S7 Airlines
S75040,USPP,UNNT,E175,passenger,165,first_officer,[B] S7 Airlines
S75045,UNNT,UWUU,E175,passenger,170,first_officer,[B] S7 Airlines
S75046,UWUU,UNNT,E175,passenger,170,first_officer,[B] S7 Airlines
S75053,UNNT,UWGG,E175,passenger,240,first_officer,[B] S7 Airlines
S75054,UWGG,UNNT,E175,passenger,240,first_officer,[B] S7 Airlines
S75065,UNNT,UMKK,B738,passenger,380,first_officer,[B] S7 Airlines
S75066,UMKK,UNNT,B738,passenger,380,first_officer,[B] S7 Airlines
S75071,UNNT,UWOO,E175,passenger,180,first_officer,[B] S7 Airlines
S75072,UWOO,UNNT,E175,passenger,180,first_officer,[B] S7 Airlines
S75075,UNNT,USII,E175,passenger,180,first_officer,[B] S7 Airlines
S75076,USII,UNNT,E175,passenger,180,first_officer,[B] S7 Airlines
S75101,UNNT,URSS,B738,passenger,325,first_officer,[B] S7 Airlines
S75102,URSS,UNNT,B738,passenger,325,first_officer,[B] S7 Airlines
S75115,UNNT,URKK,A319,passenger,320,first_officer,[B] S7 Airlines
S75116,URKK,UNNT,A319,passenger,320,first_officer,[B] S7 Airlines
S75127,UNNT,URMM,A321,passenger,300,first_officer,[B] S7 Airlines
S75128,URMM,UNNT,A321,passenger,300,first_officer,[B] S7 Airlines
S75131,UNNT,URWW,B738,passenger,265,first_officer,[B] S7 Airlines
S75132,URWW,UNNT,B738,passenger,265,first_officer,[B] S7 Airlines
S75157,UNNT,UWSG,E175,passenger,225,first_officer,[B] S7 Airlines
S75158,UWSG,UNNT,E175,passenger,225,first_officer,[B] S7 Airlines
S75201,UNNT,UHWW,B738,passenger,380,first_officer,[B] S7 Airlines
S75202,UHWW,UNNT,B738,passenger,380,first_officer,[B] S7 Airlines
S75209,UNNT,UIII,B738,passenger,150,first_officer,[B] S7 Airlines
S75211,UNNT,UHBB,A20N,passenger,310,first_officer,[B] S7 Airlines
S75212,UHBB,UNNT,A20N,passenger,310,first_officer,[B] S7 Airlines
S75215,UNNT,UIBB,E175,passenger,125,first_officer,[B] S7 Airlines
S75216,UIBB,UNNT,E175,passenger,125,first_officer,[B] S7 Airlines
S75219,UNNT,UHMM,A321,passenger,405,first_officer,[B] S7 Airlines
S75220,UHMM,UNNT,A321,passenger,405,first_officer,[B] S7 Airlines
S75221,UNNT,UIAA,E175,passenger,210,first_officer,[B] S7 Airlines
S75222,UIAA,UNNT,E175,passenger,210,first_officer,[B] S7 Airlines
S75224,UIAA,UNNT,A321,passenger,210,first_officer,[B] S7 Airlines
S75226,UIII,UNNT,E175,passenger,150,first_officer,[B] S7 Airlines
S75237,UNNT,UHHH,A20N,passenger,370,first_officer,[B] S7 Airlines
S75241,UNNT,UERR,B738,passenger,205,first_officer,[B] S7 Airlines
S75242,UERR,UNNT,B738,passenger,205,first_officer,[B] S7 Airlines
S75245,UNNT,UELL,B738,passenger,270,first_officer,[B] S7 Airlines
S75246,UELL,UNNT,B738,passenger,270,first_officer,[B] S7 Airlines
S75249,UNNT,UHPP,B738,passenger,480,first_officer,[B] S7 Airlines
S75250,UHPP,UNNT,B738,passenger,480,first_officer,[B] S7 Airlines
S75253,UNNT,UIUU,E175,passenger,170,first_officer,[B] S7 Airlines
S75254,UIUU,UNNT,E175,passenger,170,first_officer,[B] S7 Airlines
S75257,UNNT,UHSS,B738,passenger,425,first_officer,[B] S7 Airlines
S75258,UHSS,UNNT,B738,passenger,425,first_officer,[B] S7 Airlines
S75261,UNNT,UEEE,B738,passenger,285,first_officer,[B] S7 Airlines
S75262,UEEE,UNNT,B738,passenger,285,first_officer,[B] S7 Airlines
S75283,UNNT,UHMP,B738,passenger,450,first_officer,[B] S7 Airlines
S75284,UHMP,UNNT,B738,passenger,450,first_officer,[B] S7 Airlines
S75303,UNNT,UOOO,A321,passenger,160,first_officer,[B] S7 Airlines
S75304,UOOO,UNNT,A321,passenger,160,first_officer,[B] S7 Airlines
S75305,UNNT,UNKL,E175,passenger,90,first_officer,[B] S7 Airlines
S75306,UNKL,UNNT,E175,passenger,90,first_officer,[B] S7 Airlines
S75313,UNNT,UNAA,E175,passenger,80,first_officer,[B] S7 Airlines
S75314,UNAA,UNNT,E175,passenger,80,first_officer,[B] S7 Airlines
S75317,UNNT,UNEE,E175,passenger,45,first_officer,[B] S7 Airlines
S75318,UNEE,UNNT,E175,passenger,45,first_officer,[B] S7 Airlines
S75319,UNNT,USHH,E175,passenger,110,first_officer,[B] S7 Airlines
S75320,USHH,UNNT,E175,passenger,110,first_officer,[B] S7 Airlines
S75321,UNNT,UNTT,E175,passenger,45,first_officer,[B] S7 Airlines
S75322,UNTT,UNNT,E175,passenger,45,first_officer,[B] S7 Airlines
S75325,UNNT,UNBB,E175,passenger,30,first_officer,[B] S7 Airlines
S75326,UNBB,UNNT,E175,passenger,30,first_officer,[B] S7 Airlines
S75327,UNNT,USNN,E175,passenger,90,first_officer,[B] S7 Airlines
S75328,USNN,UNNT,E175,passenger,90,first_officer,[B] S7 Airlines
S75331,UNNT,USRO,E175,passenger,105,first_officer,[B] S7 Airlines
S75332,USRO,UNNT,E175,passenger,105,first_officer,[B] S7 Airlines
S75335,UNNT,USMU,E175,passenger,135,first_officer,[B] S7 Airlines
S75336,USMU,UNNT,E175,passenger,135,first_officer,[B] S7 Airlines
S75339,UNNT,UECT,E175,passenger,180,first_officer,[B] S7 Airlines
S75340,UECT,UNNT,E175,passenger,180,first_officer,[B] S7 Airlines
S75341,UNNT,UNOO,E175,passenger,60,first_officer,[B] S7 Airlines
S75342,UNOO,UNNT,E175,passenger,60,first_officer,[B] S7 Airlines
S75347,UNNT,USRR,E175,passenger,100,first_officer,[B] S7 Airlines
S75348,USRR,UNNT,E175,passenger,100,first_officer,[B] S7 Airlines
S75351,UNNT,USTR,E175,passenger,115,first_officer,[B] S7 Airlines
S75352,USTR,UNNT,E175,passenger,115,first_officer,[B] S7 Airlines
S75361,UNNT,UNWW,E175,passenger,30,first_officer,[B] S7 Airlines
S75362,UNWW,UNNT,E175,passenger,30,first_officer,[B] S7 Airlines
S75365,UNNT,UNBG,E175,passenger,90,first_officer,[B] S7 Airlines
S75366,UNBG,UNNT,E175,passenger,90,first_officer,[B] S7 Airlines
S75375,UNNT,USDD,E175,passenger,155,first_officer,[B] S7 Airlines
S75376,USDD,UNNT,E175,passenger,155,first_officer,[B] S7 Airlines
S75377,UNNT,USMM,E175,passenger,130,first_officer,[B] S7 Airlines
S75378,USMM,UNNT,E175,passenger,130,first_officer,[B] S7 Airlines
S75385,UNNT,UNKY,E175,passenger,90,first_officer,[B] S7 Airlines
S75386,UNKY,UNNT,E175,passenger,90,first_officer,[B] S7 Airlines
S75387,UNNT,UNKY,E175,passenger,90,first_officer,[B] S7 Airlines
S75388,UNKY,UNNT,E175,passenger,90,first_officer,[B] S7 Airlines
S75501,UNNT,UAAA,E175,passenger,145,first_officer,[B] S7 Airlines
S75502,UAAA,UNNT,E175,passenger,145,first_officer,[B] S7 Airlines
S75515,UNNT,UACC,E175,passenger,110,first_officer,[B] S7 Airlines
S75516,UACC,UNNT,E175,passenger,110,first_officer,[B] S7 Airlines
S75519,UNNT,UAII,E175,passenger,170,first_officer,[B] S7 Airlines
S75520,UAII,UNNT,E175,passenger,170,first_officer,[B] S7 Airlines
S75523,UNNT,UASK,E175,passenger,85,first_officer,[B] S7 Airlines
S75524,UASK,UNNT,E175,passenger,85,first_officer,[B] S7 Airlines
S75541,UNNT,UCFM,A321,passenger,155,first_officer,[B] S7 Airlines
S75542,UCFM,UNNT,A321,passenger,155,first_officer,[B] S7 Airlines
S75545,UNNT,UCFO,A321,passenger,180,first_officer,[B] S7 Airlines
S75546,UCFO,UNNT,A321,passenger,180,first_officer,[B] S7 Airlines
S75551,UNNT,UTDD,A321,passenger,215,first_officer,[B] S7 Airlines
S75552,UTDD,UNNT,A321,passenger,215,first_officer,[B] S7 Airlines
S75555,UNNT,UTDL,B738,passenger,195,first_officer,[B] S7 Airlines
S75556,UTDL,UNNT,B738,passenger,195,first_officer,[B] S7 Airlines
S75561,UNNT,UZFF,A321,passenger,185,first_officer,[B] S7 Airlines
S75562,UZFF,UNNT,A321,passenger,185,first_officer,[B] S7 Airlines
S75565,UNNT,UZTT,A321,passenger,185,first_officer,[B] S7 Airlines
S75566,UZTT,UNNT,A321,passenger,185,first_officer,[B] S7 Airlines
S75569,UNNT,UZSS,A321,passenger,210,first_officer,[B] S7 Airlines
S75570,UZSS,UNNT,A321,passenger,210,first_officer,[B] S7 Airlines
S75575,UNNT,UZFA,A321,passenger,180,first_officer,[B] S7 Airlines
S75576,UZFA,UNNT,A321,passenger,180,first_officer,[B] S7 Airlines
S75579,UNNT,UBBB,A321,passenger,285,first_officer,[B] S7 Airlines
S75580,UBBB,UNNT,A321,passenger,285,first_officer,[B] S7 Airlines
S75591,UNNT,UDYZ,B738,passenger,310,first_officer,[B] S7 Airlines
S75592,UDYZ,UNNT,B738,passenger,310,first_officer,[B] S7 Airlines
S75701,UNNT,VTBS,B738,passenger,480,first_officer,[B] S7 Airlines
S75702,VTBS,UNNT,B738,passenger,480,first_officer,[B] S7 Airlines
S75723,UNNT,ZBAD,A321,passenger,265,first_officer,[B] S7 Airlines
S75724,ZBAD,UNNT,A321,passenger,265,first_officer,[B] S7 Airlines
S75785,UNNT,OMDB,B738,passenger,395,first_officer,[B] S7 Airlines
S75786,OMDB,UNNT,B738,passenger,395,first_officer,[B] S7 Airlines
S75871,UNNT,LTFM,B738,passenger,410,first_officer,[B] S7 Airlines
S75872,LTFM,UNNT,B738,passenger,410,first_officer,[B] S7 Airlines
S75883,UNNT,LTAI,B738,passenger,430,first_officer,[B] S7 Airlines
S75884,LTAI,UNNT,B738,passenger,430,first_officer,[B] S7 Airlines
S77061,UNNT,UWKS,E175,passenger,220,first_officer,[B] S7 Airlines
S77062,UWKS,UNNT,E175,passenger,220,first_officer,[B] S7 Airlines
S77085,UNNT,USRK,E175,passenger,100,first_officer,[B] S7 Airlines
S77086,USRK,UNNT,E175,passenger,100,first_officer,[B] S7 Airlines
SN203,EBBR,GOBD,A333,passenger,350,first_officer,SNVA Codeshare
SN204A,GOBD,EBBR,A333,passenger,350,first_officer,SNVA Codeshare
SN2901,EBBR,LOWW,A319, A320, A20N, E190,passenger,80,first_officer,SNVA Codeshare
SN2902,LOWW,EBBR,A319, A320, A20N, E190,passenger,80,first_officer,SNVA Codeshare
SN3175,EBBR,LIRF,A319, A320, A20N, E190,passenger,105,first_officer,SNVA Codeshare
SN3176,LIRF,EBBR,A319, A320, A20N, E190,passenger,105,first_officer,SNVA Codeshare
SN3245,EBBR,LGAV,A319, A320, A20N,passenger,180,first_officer,SNVA Codeshare
SN3246,LGAV,EBBR,A319, A320, A20N,passenger,180,first_officer,SNVA Codeshare
SN3325,EBBR,HEGN,A320, A20N,passenger,265,first_officer,SNVA Codeshare
SN3326,HEGN,EBBR,A320, A20N,passenger,265,first_officer,SNVA Codeshare
SN357,EBBR,FZAA,A333,passenger,450,first_officer,SNVA Codeshare
SN358,FZAA,EBBR,A333,passenger,450,first_officer,SNVA Codeshare
SN3721,EBBR,LEMD,A319, A320, A20N, E190,passenger,120,first_officer,SNVA Codeshare
SN3722,LEMD,EBBR,A319, A320, A20N, E190,passenger,120,first_officer,SNVA Codeshare
SN3781,EBBR,GCTS,A320, A20N,passenger,240,first_officer,SNVA Codeshare
SN3782,GCTS,EBBR,A320, A20N,passenger,240,first_officer,SNVA Codeshare
SN3783,EBBR,GCLP,A320, A20N,passenger,255,first_officer,SNVA Codeshare
SN3784,GCLP,EBBR,A320, A20N,passenger,255,first_officer,SNVA Codeshare
SN3815,EBBR,LPPT,A319, A320, A20N,passenger,150,first_officer,SNVA Codeshare
SN3816,LPPT,EBBR,A319, A320, A20N,passenger,150,first_officer,SNVA Codeshare
SN3827,EBBR,LPMA,A320, A20N,passenger,190,first_officer,SNVA Codeshare
SN3828,LPMA,EBBR,A320, A20N,passenger,240,first_officer,SNVA Codeshare
SN455,EBBR,HBBA,A333,passenger,495,first_officer,SNVA Codeshare
SN455B,HUEN,EBBR,A333,passenger,490,first_officer,SNVA Codeshare
SN481,EBBR,HKJK,A333,passenger,495,first_officer,SNVA Codeshare
SN482,HKJK,EBBR,A333,passenger,495,first_officer,SNVA Codeshare
SN501,EBBR,KJFK,A333, B789,passenger,435,first_officer,SNVA Codeshare
SN502,KJFK,EBBR,A333, B789,passenger,435,first_officer,SNVA Codeshare
SN515,EBBR,KIAD,A333,passenger,465,first_officer,SNVA Codeshare
SN516,KIAD,EBBR,A333,passenger,465,first_officer,SNVA Codeshare
SU1000,UUEE,UMKK,A320, A321, A21N,passenger,140,cadet,
SU1001,UMKK,UUEE,A320, A321, A21N,passenger,135,cadet,
SU1002,UUEE,UMKK,A320, A321, A21N,passenger,135,cadet,
SU1003,UMKK,UUEE,A320, A321, A21N,passenger,130,cadet,
SU1004,UUEE,UMKK,A320, A321, A21N,passenger,140,cadet,
SU1005,UMKK,UUEE,A320, A321, A21N,passenger,135,cadet,
SU1006,UUEE,UMKK,A320, A321, A21N,passenger,140,cadet,
SU1007,UMKK,UUEE,A320, A321, A21N,passenger,135,cadet,
SU1008,UUEE,UMKK,A320, A321, A21N,passenger,140,cadet,
SU1009,UMKK,UUEE,A320, A321,passenger,135,cadet,
SU1010,UUEE,UMKK,A320, A321, A21N,passenger,135,cadet,
SU1011,UMKK,UUEE,A320, A321, A21N,passenger,135,cadet,
SU1012,UUEE,UMKK,A320, A321, A21N,passenger,135,cadet,
SU1013,UMKK,UUEE,A320, A321, A21N,passenger,135,cadet,
SU1014,UUEE,UMKK,A320, A321,passenger,140,cadet,
SU1015,UMKK,UUEE,A320, A321,passenger,140,cadet,
SU1016,UUEE,UMKK,A320, A321,passenger,135,cadet,
SU1017,UMKK,UUEE,A320, A321,passenger,130,cadet,
SU1018,UUEE,UMKK,A320, A321,passenger,135,cadet,
SU1019,UMKK,UUEE,A320, A321,passenger,135,cadet,
SU102,UUEE,KJFK,A333, B77w,passenger,630,cadet,
SU1020,UUEE,USSS,A320, A321, B739,passenger,120,cadet,
SU1021,USSS,UUEE,A320, A321, B739,passenger,150,cadet,
SU1024,UUEE,UMKK,A320,passenger,140,cadet,
SU1025,UMKK,UUEE,A320,passenger,130,cadet,
SU103,KJFK,UUEE,A333, B77w,passenger,630,cadet,
SU1031,URSS,UUEE,A320, A321, B739,passenger,200,cadet,
SU1037,URSS,UUEE,A320, A321,passenger,200,cadet,
SU104,UUEE,KIAD,A333,passenger,635,cadet,
SU1041,URSS,UUEE,A320, A321, B739,passenger,205,cadet,
SU1045,URSS,UUEE,A320,passenger,185,cadet,
SU105,KIAD,UUEE,A333,passenger,635,cadet,
SU1050,UUEE,URML,A320, A320, A321, B739,passenger,155,cadet,
SU1051,URML,UUEE,A320, A320, A321, B739,passenger,155,cadet,
SU1052,UUEE,URML,A320,passenger,155,cadet,
SU1053,URML,UUEE,A320,passenger,160,cadet,
SU1054,UUEE,URML,A320, A320,passenger,155,cadet,
SU1055,URML,UUEE,A320, A320,passenger,160,cadet,
SU1056,UUEE,URML,A320, A320, A321,passenger,150,cadet,
SU1057,URML,UUEE,A320, A320, A321,passenger,160,cadet,
SU1058,UUEE,URML,A320, A320, A321,passenger,155,cadet,
SU1059,URML,UUEE,A320, A320, A321,passenger,160,cadet,
SU106,UUEE,KLAX,B77w,passenger,660,cadet,
SU1060,UUEE,UWOR,A320,passenger,125,cadet,
SU1061,UWOR,UUEE,A320,passenger,145,cadet,
SU107,KLAX,UUEE,B77w,passenger,660,cadet,
SU1072,UUEE,UMKK,A320,passenger,130,cadet,
SU1073,UMKK,UUEE,A320,passenger,130,cadet,
SU1078,UUEE,URMS,A320,passenger,185,cadet,
SU1079,URMS,UUEE,A320,passenger,185,cadet,
SU108,UUEE,KMIA,A359,passenger,760,cadet,
SU1080,UUEE,URKG,A320, A320,passenger,145,cadet,
SU1081,URKG,UUEE,A320, A320,passenger,145,cadet,
SU109,KMIA,UUEE,A359,passenger,760,cadet,
SU1092,UUEE,USCC,A320, A321,passenger,120,cadet,
SU1093,USCC,UUEE,A320, A321,passenger,145,cadet,
SU1096,UUEE,UNWW,B739,passenger,240,cadet,
SU1097,UNWW,UUEE,B739,passenger,280,cadet,
SU1100,UUEE,URKK,A320, A21N, B739,passenger,120,cadet,
SU1101,URKK,UUEE,A320, A21N, B739,passenger,120,cadet,
SU1111,URSS,UUEE,A320, A321,passenger,190,cadet,
SU1115,URSS,UUEE,A321,passenger,175,cadet,
SU1117,URSS,UUEE,A320, A321, A21N, A333, A359, B739, B77w,passenger,195,cadet,
SU1119,URSS,UUEE,A320, A321, B77w,passenger,185,cadet,
SU1122,UUEE,URSS,A321, A21N, B77w, A333,passenger,195,cadet,
SU1123,URSS,UUEE,A321, A21N,passenger,190,cadet,
SU1124,UUEE,URSS,A320, A321, A21N,passenger,200,cadet,
SU1125,URSS,UUEE,A320, A321, A21N,passenger,190,cadet,
SU1127,URSS,UUEE,A320, A321, A21N,passenger,190,cadet,
SU1129,URSS,UUEE,A320, A321,passenger,195,cadet,
SU1131,URSS,UUEE,A320,passenger,190,cadet,
SU1133,URSS,UUEE,A320, A321,passenger,185,cadet,
SU1135,URSS,UUEE,A321, B739,passenger,190,cadet,
SU1137,URSS,UUEE,A321, A21N, B739,passenger,190,cadet,
SU1139,URSS,UUEE,A321, A21N,passenger,185,cadet,
SU1141,URSS,UUEE,A320, A321,passenger,185,cadet,
SU1142,UUEE,URKA,A320,passenger,130,cadet,
SU1143,URKA,UUEE,A320,passenger,130,cadet,
SU1151,URSS,UUEE,A321, B739,passenger,185,cadet,
SU1153,URSS,UUEE,A320, A321, A21N,passenger,185,cadet,
SU1154,UUEE,URRP,A320, A321,passenger,120,cadet,
SU1155,URRP,UUEE,A320, A321,passenger,120,cadet,
SU1172,UUEE,URWA,A320, A320, A321, B739,passenger,135,cadet,
SU1173,URWA,UUEE,A320, A320, A321, B739,passenger,150,cadet,
SU1174,UUEE,URWA,A320, A321, B739,passenger,130,cadet,
SU1175,URWA,UUEE,A320, A321, B739,passenger,145,cadet,
SU1177,URSS,UUEE,A321, A21N,passenger,195,cadet,
SU1182,UUEE,URWW,A320, A321,passenger,95,cadet,
SU1183,URWW,UUEE,A320, A321,passenger,90,cadet,
SU1184,UUEE,URWW,A320, A321, B739,passenger,90,cadet,
SU1185,URWW,UUEE,A320, A321, B739,passenger,95,cadet,
SU1186,UUEE,URWW,A320,passenger,90,cadet,
SU1187,URWW,UUEE,A320,passenger,90,cadet,
SU1188,UUEE,URWW,A320, A321,passenger,90,cadet,
SU1189,URWW,UUEE,A320, A321,passenger,95,cadet,
SU1190,UUEE,UWKD,A320, A320, A321, B739,passenger,70,cadet,
SU1191,UWKD,UUEE,A320, A320, A321, B739,passenger,90,cadet,
SU1192,UUEE,UWKD,A320, A320, A321, A21N, B739,passenger,70,cadet,
SU1194,UUEE,UWKD,A320, A321,passenger,70,cadet,
SU1198,UUEE,UWKD,A320, A321,passenger,70,cadet,
SU1200,UUEE,USPP,A320, A320, A321,passenger,100,cadet,
SU1201,USPP,UUEE,A320, A320, A321,passenger,115,cadet,
SU1211,UWWW,UUEE,A320, A321,passenger,95,cadet,
SU1213,UWWW,UUEE,A320, A320, A321, B739,passenger,95,cadet,
SU1215,UWWW,UUEE,A320, A321,passenger,90,cadet,
SU1217,UWWW,UUEE,A320, A321,passenger,90,cadet,
SU1219,UWWW,UUEE,A320, A321, B739,passenger,90,cadet,
SU1220,UUEE,UWGG,A320, A321,passenger,50,cadet,
SU1221,UWGG,UUEE,A320, A321,passenger,55,cadet,
SU1224,UUEE,UWGG,A320,passenger,50,cadet,
SU1225,UWGG,UUEE,A320,passenger,55,cadet,
SU1226,UUEE,UWGG,A320, A320,passenger,50,cadet,
SU1227,UWGG,UUEE,A320, A320,passenger,55,cadet,
SU1230,UUEE,UWUU,A320, A321, B739,passenger,100,cadet,
SU1231,UWUU,UUEE,A320, A321, B739,passenger,115,cadet,
SU1232,UUEE,UWUU,A320, A320, A321, B739,passenger,100,cadet,
SU1233,UWUU,UUEE,A320, A320, A321, B739,passenger,115,cadet,
SU1234,UUEE,UWUU,A320, A321, B739,passenger,100,cadet,
SU1235,UWUU,UUEE,A320, A321, B739,passenger,115,cadet,
SU1236,UUEE,UWUU,A320,passenger,105,cadet,
SU1237,UWUU,UUEE,A320,passenger,115,cadet,
SU1242,UUEE,UWOO,A320, A321,passenger,105,cadet,
SU1243,UWOO,UUEE,A320, A321,passenger,125,cadet,
SU1244,UUEE,UWOO,A320, A320, A321, B739,passenger,105,cadet,
SU1245,UWOO,UUEE,A320, A320, A321, B739,passenger,120,cadet,
SU1246,UUEE,UWOO,A320, A320, B739,passenger,110,cadet,
SU1247,UWOO,UUEE,A320, A320, B739,passenger,120,cadet,
SU1248,UUEE,UWOO,A320, A320, A321, B739,passenger,110,cadet,
SU1249,UWOO,UUEE,A320, A320, A321, B739,passenger,125,cadet,
SU1250,UUEE,UWKE,A320, A321, B739,passenger,85,cadet,
SU1251,UWKE,UUEE,A320, A321, B739,passenger,95,cadet,
SU1253,UWKE,UUEE,A320,passenger,95,cadet,
SU1254,UUEE,UWKE,A320, A321, A21N, B739,passenger,90,cadet,
SU1255,UWKE,UUEE,A320, A321, A21N, B739,passenger,95,cadet,
SU1258,UUEE,UWUU,A320,passenger,100,cadet,
SU1259,UWUU,UUEE,A320,passenger,115,cadet,
SU1260,UUEE,UWUU,A320, A321, A21N,passenger,100,cadet,
SU1261,UWUU,UUEE,A320, A321, A21N,passenger,115,cadet,
SU1262,UUEE,UWUU,A320, A321, B739,passenger,100,cadet,
SU1263,UWUU,UUEE,A320, A321, B739,passenger,115,cadet,
SU1268,UUEE,UWKD,A320, A320, A321, B739,passenger,65,cadet,
SU1269,UWKD,UUEE,A320, A320, A321, B739,passenger,85,cadet,
SU1270,UUEE,UWKD,A320, A321,passenger,70,cadet,
SU1276,UUEE,UWKD,A320, A320, A321, B739,passenger,70,cadet,
SU1278,UUEE,UWKD,A320, A321,passenger,70,cadet,
SU1279,UWKD,UUEE,A320, A321,passenger,80,cadet,
SU1286,UUEE,UWLL,A320, A321, B739,passenger,70,cadet,
SU1287,UWLL,UUEE,A320, A321, B739,passenger,80,cadet,
SU1291,UWKD,UUEE,A320, A320, A321,passenger,85,cadet,
SU1292,UUEE,USII,A320, A321, B739,passenger,90,cadet,
SU1293,USII,UUEE,A320, A321, B739,passenger,105,cadet,
SU1296,UUEE,USII,A320, A321,passenger,90,cadet,
SU1297,USII,UUEE,A320, A321,passenger,100,cadet,
SU13,ULLI,UUEE,A320, A321, A21N,passenger,65,cadet,
SU1300,UUEE,URMM,A320, A321,passenger,175,cadet,
SU1301,URMM,UUEE,A320, A321,passenger,170,cadet,
SU1302,UUEE,URMM,A320, A320, A321,passenger,180,cadet,
SU1303,URMM,UUEE,A320, A320, A321,passenger,165,cadet,
SU1304,UUEE,URMM,A320, A321, B739,passenger,175,cadet,
SU1305,URMM,UUEE,A320, A321, B739,passenger,170,cadet,
SU1306,UUEE,UNNT,A320, A320, A321, A21N, A333, B739,passenger,210,cadet,
SU1307,UNNT,UUEE,A320, A320, A321, A21N, A333, B739,passenger,250,cadet,
SU1308,UUEE,UNNT,B739,passenger,205,cadet,
SU1309,ULLI,UUEE,B739,passenger,255,cadet,
SU1310,UUEE,URMM,A320, A320, A321,passenger,180,cadet,
SU1311,URMM,UUEE,A320, A320, A321,passenger,165,cadet,
SU1312,UUEE,URMM,A320, A320, A321, B739,passenger,180,cadet,
SU1313,URMM,UUEE,A320, A320, A321, B739,passenger,170,cadet,
SU1314,UUEE,URMM,A320, A321,passenger,175,cadet,
SU1315,URMM,UUEE,A320, A321,passenger,160,cadet,
SU1316,UUEE,ULMM,A320, A320, A321, B739,passenger,125,cadet,
SU1317,ULMM,UUEE,A320, A320, A321, B739,passenger,120,cadet,
SU1318,UUEE,ULMM,A320, A320, A321, B739,passenger,130,cadet,
SU1319,ULMM,UUEE,A320, A320, A321, B739,passenger,125,cadet,
SU1320,UUEE,ULMM,A320, A320, A321,passenger,130,cadet,
SU1321,ULMM,UUEE,A320, A320, A321,passenger,125,cadet,
SU1324,UUEE,ULMM,A320, A321, B739,passenger,135,cadet,
SU1325,ULMM,UUEE,A320, A321, B739,passenger,125,cadet,
SU1326,UUEE,ULMM,A320, A320, A321, A21N,passenger,130,cadet,
SU1327,ULMM,UUEE,A320, A320, A321, A21N,passenger,120,cadet,
SU1330,UUEE,ULAA,A320,passenger,130,cadet,
SU1331,ULAA,UUEE,A320,passenger,130,cadet,
SU1332,UUEE,ULAA,A320,passenger,125,cadet,
SU1333,ULAA,UUEE,A320,passenger,125,cadet,
SU1334,UUEE,ULAA,A320,passenger,125,cadet,
SU1335,ULAA,UUEE,A320,passenger,125,cadet,
SU1336,UUEE,URMM,A320,passenger,175,cadet,
SU1337,URMM,UUEE,A320,passenger,170,cadet,
SU1338,UUEE,URMM,A320, A321,passenger,180,cadet,
SU1339,URMM,UUEE,A320, A321,passenger,160,cadet,
SU1344,UUEE,URMM,A321,passenger,185,cadet,
SU1345,URMM,UUEE,A321,passenger,165,cadet,
SU1346,UUEE,ULMK,A320,passenger,120,cadet,
SU1347,ULMK,UUEE,A320,passenger,115,cadet,
SU1350,UUEE,UUOO,A320,passenger,100,cadet,
SU1351,UUOO,UUEE,A320,passenger,100,cadet,
SU1356,UUEE,UWSG,A320, A321,passenger,80,cadet,
SU1357,UWSG,UUEE,A320, A321,passenger,80,cadet,
SU1358,UUEE,UWSG,A320, A320, A321,passenger,80,cadet,
SU1359,UWSG,UUEE,A320, A320, A321,passenger,80,cadet,
SU1362,UUEE,URMT,A320,passenger,175,cadet,
SU1363,URMT,UUEE,A320,passenger,170,cadet,
SU1364,UUEE,URMT,A320, A320, B739,passenger,170,cadet,
SU1365,URMT,UUEE,A320, A320, B739,passenger,170,cadet,
SU1366,UUEE,URMT,A320, B739,passenger,180,cadet,
SU1367,URMT,UUEE,A320, B739,passenger,175,cadet,
SU1370,UUEE,UUOB,A320,passenger,65,cadet,
SU1371,UUOB,UUEE,A320,passenger,65,cadet,
SU1382,UUEE,USHH,A320, A321, A21N,passenger,150,cadet,
SU1383,USHH,UUEE,A320, A321, A21N,passenger,170,cadet,
SU1384,UUEE,USHH,A320, B739,passenger,150,cadet,
SU1385,USHH,UUEE,A320, B739,passenger,180,cadet,
SU1389,UWLL,UUEE,A320,passenger,80,cadet,
SU1390,UUEE,UUYY,A320, A320, B739,passenger,85,cadet,
SU1391,UUYY,UUEE,A320, A320, B739,passenger,100,cadet,
SU1394,UUEE,USPP,A320, A321,passenger,100,cadet,
SU1395,USPP,UUEE,A320, A321,passenger,115,cadet,
SU1396,UUEE,UUYY,A320, A320,passenger,90,cadet,
SU1397,UUYY,UUEE,A320, A320,passenger,95,cadet,
SU14,UUEE,ULLI,A320, A321,passenger,65,cadet,
SU1400,UUEE,USSS,A320, A320, A321, B739,passenger,120,cadet,
SU1401,USSS,UUEE,A320, A320, A321, B739,passenger,135,cadet,
SU1402,UUEE,USSS,A320, A320, A321, A21N,passenger,120,cadet,
SU1403,USSS,UUEE,A320, A320, A321, A21N,passenger,140,cadet,
SU1404,UUEE,USSS,A320, A320, A321, A333, B739,passenger,120,cadet,
SU1405,USSS,UUEE,A320, A320, A321, A333, B739,passenger,140,cadet,
SU1406,UUEE,USSS,A320, A321, A333, B739,passenger,115,cadet,
SU1407,USSS,UUEE,A320, A321, A333, B739,passenger,135,cadet,
SU1408,UUEE,USSS,B739,passenger,115,cadet,
SU1409,USSS,UUEE,B739,passenger,140,cadet,
SU1410,UUEE,USSS,A320, A321,passenger,120,cadet,
SU1411,USSS,UUEE,A320, A321,passenger,135,cadet,
SU1412,UUEE,USSS,A320, A321, A21N,passenger,120,cadet,
SU1413,USSS,UUEE,A320, A321, A21N,passenger,140,cadet,
SU1414,UUEE,USSS,A320, A320, A321, A21N,passenger,120,cadet,
SU1415,USSS,UUEE,A320, A320, A321, A21N,passenger,135,cadet,
SU1416,UUEE,USSS,A320, A321, B739,passenger,120,cadet,
SU1417,USSS,UUEE,A320, A321, B739,passenger,135,cadet,
SU1418,UUEE,USSS,A320, A320, A321, B739,passenger,115,cadet,
SU1419,USSS,UUEE,A320, A320, A321, B739,passenger,135,cadet,
SU1420,UUEE,USCC,A320, A320, A321, A21N, B739,passenger,120,cadet,
SU1421,USCC,UUEE,A320, A320, A321, A21N, B739,passenger,140,cadet,
SU1422,UUEE,USCC,A320, A321, A21N, B739,passenger,120,cadet,
SU1423,USCC,UUEE,A320, A321, A21N, B739,passenger,140,cadet,
SU1424,UUEE,UWUU,A320, A321,passenger,100,cadet,
SU1425,UWUU,UUEE,A320, A321,passenger,110,cadet,
SU1426,UUEE,USCC,A320, A321, A21N,passenger,125,cadet,
SU1427,USCC,UUEE,A320, A321, A21N,passenger,140,cadet,
SU1428,UUEE,USCM,A320, A321,passenger,120,cadet,
SU1429,USCM,UUEE,A320, A321,passenger,130,cadet,
SU1430,UUEE,UNBB,A320, A320, A321,passenger,220,cadet,
SU1431,UNBB,UUEE,A320, A320, A321,passenger,255,cadet,
SU1432,UUEE,USSS,B739,passenger,115,cadet,
SU1433,USSS,UUEE,B739,passenger,145,cadet,
SU1434,UUEE,USCM,A320,passenger,120,cadet,
SU1435,USCM,UUEE,A320,passenger,140,cadet,
SU1436,UUEE,USSS,A320, A321, B739,passenger,115,cadet,
SU1437,USSS,UUEE,A320, A321, B739,passenger,140,cadet,
SU1440,UUEE,UIII,B739,passenger,300,cadet,
SU1441,UIII,UUEE,B739,passenger,365,cadet,
SU1442,UUEE,UIII,B739,passenger,310,cadet,
SU1443,UIII,UUEE,B739,passenger,360,cadet,
SU1444,UUEE,UIII,B739,passenger,305,cadet,
SU1445,UIII,UUEE,B739,passenger,365,cadet,
SU1447,UIII,UUEE,B739,passenger,360,cadet,
SU1450,UUEE,UNEE,A320, A320, A321, A21N,passenger,225,cadet,
SU1451,UNEE,UUEE,A320, A320, A321, A21N,passenger,265,cadet,
SU1456,UUEE,UNEE,A320, A320, A321,passenger,230,cadet,
SU1457,UNEE,UUEE,A320, A320, A321,passenger,265,cadet,
SU1458,UUEE,UNWW,A320, A320, A321, B739,passenger,230,cadet,
SU1459,UNWW,UUEE,A320, A320, A321, B739,passenger,275,cadet,
SU1460,UUEE,UNNT,A320, A320, A321, A21N, B739,passenger,210,cadet,
SU1461,UNNT,UUEE,A320, A320, A321, A21N, B739,passenger,250,cadet,
SU1462,UUEE,UNNT,A320, A320, A321, B739,passenger,205,cadet,
SU1463,UNNT,UUEE,A320, A320, A321, B739,passenger,255,cadet,
SU1472,UUEE,USNN,A320, A320, A321, A21N, B739,passenger,180,cadet,
SU1473,USNN,UUEE,A320, A320, A321, A21N, B739,passenger,205,cadet,
SU1478,UUEE,UNAA,A320, A320, A321,passenger,245,cadet,
SU1479,UNAA,UUEE,A320, A320, A321,passenger,295,cadet,
SU1480,UUEE,UNKL,A320, A320, A321, A21N,passenger,240,cadet,
SU1481,UNKL,UUEE,A320, A320, A321, A21N,passenger,290,cadet,
SU1482,UUEE,UNKL,A320, A321, B739,passenger,245,cadet,
SU1483,UNKL,UUEE,A320, A321, B739,passenger,285,cadet,
SU1484,UUEE,UNKL,A320, A320, A321, B739,passenger,245,cadet,
SU1485,UNKL,UUEE,A320, A320, A321, B739,passenger,290,cadet,
SU1486,UUEE,UNKL,A320, A320, A321, A333, A359, B739,passenger,245,cadet,
SU1487,UNKL,UUEE,A320, A320, A321, A333, A359, B739,passenger,290,cadet,
SU1488,UUEE,UNKL,A320, A320, A321,passenger,245,cadet,
SU1489,UNKL,UUEE,A320, A320, A321,passenger,295,cadet,
SU1496,UUEE,URMG,A320, A320, B739,passenger,160,cadet,
SU1497,URMG,UUEE,A320, A320, B739,passenger,150,cadet,
SU1498,UUEE,URMG,A320, A320, B739,passenger,160,cadet,
SU1499,URMG,UUEE,A320, A320, B739,passenger,155,cadet,
SU150,UUEE,MUHA,A359,passenger,845,cadet,
SU1500,UUEE,USTR,A320, A320, A321, B739,passenger,135,cadet,
SU1501,USTR,UUEE,A320, A320, A321, B739,passenger,165,cadet,
SU1502,UUEE,USTR,A320, A320, A321, B739,passenger,135,cadet,
SU1503,USTR,UUEE,A320, A320, A321, B739,passenger,160,cadet,
SU1504,UUEE,USTR,A320, A320,passenger,140,cadet,
SU1505,USTR,UUEE,A320, A320,passenger,160,cadet,
SU1506,UUEE,USTR,A320, A320, A321,passenger,140,cadet,
SU1507,USTR,UUEE,A320, A320, A321,passenger,160,cadet,
SU151,MUHA,UUEE,A359,passenger,755,cadet,
SU1510,UUEE,USRR,A320, A320, A321, A21N,passenger,165,cadet,
SU1511,USRR,UUEE,A320, A320, A321, A21N,passenger,190,cadet,
SU1512,UUEE,USRR,A320, A320, A321,passenger,165,cadet,
SU1513,USRR,UUEE,A320, A320, A321,passenger,190,cadet,
SU1516,UUEE,USRR,A320, A320,passenger,170,cadet,
SU1517,USRR,UUEE,A320, A320,passenger,190,cadet,
SU1520,UUEE,USMU,A320, A320, A321, A21N,passenger,185,cadet,
SU1521,USMU,UUEE,A320, A320, A321, A21N,passenger,200,cadet,
SU1522,UUEE,USMU,A320, A321, A21N,passenger,180,cadet,
SU1523,USMU,UUEE,A320, A321, A21N,passenger,200,cadet,
SU1524,UUEE,UNBG,A321, B739,passenger,230,cadet,
SU1525,UNBG,UUEE,A321, B739,passenger,280,cadet,
SU1529,URSS,UUEE,A320, A321,passenger,210,cadet,
SU1530,UUEE,UNTT,A321, A21N, B739,passenger,215,cadet,
SU1531,UNTT,UUEE,A321, A21N, B739,passenger,260,cadet,
SU1532,UUEE,USCC,A320, A321, A21N,passenger,120,cadet,
SU1533,USCC,UUEE,A320, A321, A21N,passenger,140,cadet,
SU1536,UUEE,UNTT,A320, A321, B739,passenger,210,cadet,
SU1537,UNTT,UUEE,A320, A321, B739,passenger,255,cadet,
SU1538,UUEE,UNTT,B739,passenger,215,cadet,
SU1539,UNTT,UUEE,B739,passenger,265,cadet,
SU154,UUEE,MUVR,A359,passenger,735,cadet,
SU1544,UUEE,UWPP,A320,passenger,60,cadet,
SU1548,UUEE,UNNT,A320, A320, A321, A21N, B739, B77w,passenger,210,cadet,
SU1549,UNNT,UUEE,A320, A320, A321, A21N, B739, B77w,passenger,245,cadet,
SU155,MUVR,UUEE,A359,passenger,655,cadet,
SU156,UUEE,MDPC,A359,passenger,735,cadet,
SU1562,UUEE,UIII,B739,passenger,310,cadet,
SU1563,UIII,UUEE,B739,passenger,360,cadet,
SU1564,UUEE,UIII,B739,passenger,305,cadet,
SU1565,UIII,UUEE,B739,passenger,355,cadet,
SU1568,UUEE,USTR,A320, A321, B739,passenger,135,cadet,
SU1569,USTR,UUEE,A320, A321, B739,passenger,165,cadet,
SU157,MDPC,UUEE,A359,passenger,645,cadet,
SU158,UUEE,MMUN,A359,passenger,805,cadet,
SU1580,UUEE,URFF,A320, A320, A321, A333, B739, B77w,passenger,160,cadet,
SU1581,URFF,UUEE,A320, A320, A321, A333, B739, B77w,passenger,160,cadet,
SU159,MMUN,UUEE,A359,passenger,825,cadet,
SU1602,UUEE,UWWW,A320, A320, A321,passenger,85,cadet,
SU1603,UWWW,UUEE,A320, A320, A321,passenger,90,cadet,
SU1604,UUEE,UWWW,A320, A321, A21N,passenger,80,cadet,
SU1605,UWWW,UUEE,A320, A321, A21N,passenger,90,cadet,
SU1611,URSS,UUEE,A320, A320, A321,passenger,190,cadet,
SU1636,UUEE,UNOO,A320, A320, B739,passenger,170,cadet,
SU1636,UNOO,UUEE,A320, A320, B739,passenger,215,cadet,
SU1637,UUEE,UNOO,A320, A320, A321, B739,passenger,170,cadet,
SU1638,UNOO,UUEE,A320, A320, A321, B739,passenger,205,cadet,
SU1642,UUEE,URWA,A320, A320, A321,passenger,130,cadet,
SU1643,URWA,UUEE,A320, A320, A321,passenger,145,cadet,
SU1646,UUEE,USNN,A320, A321, B739,passenger,180,cadet,
SU1647,USNN,UUEE,A320, A321, B739,passenger,205,cadet,
SU1648,UUEE,URWA,A320,passenger,130,cadet,
SU1649,URWA,UUEE,A320,passenger,135,cadet,
SU1656,UUEE,USPP,A320, A321,passenger,100,cadet,
SU1657,USPP,UUEE,A320, A321,passenger,115,cadet,
SU1678,UUEE,URWA,A320, A320, A321, B739,passenger,130,cadet,
SU1679,URWA,UUEE,A320, A320, A321, B739,passenger,140,cadet,
SU1680,UUEE,UWKE,A320, A321, A21N, B739,passenger,85,cadet,
SU1681,UWKE,UUEE,A320, A321, A21N, B739,passenger,95,cadet,
SU1684,UUEE,UWWW,A320, B739,passenger,80,cadet,
SU1685,UWWW,UUEE,A320, B739,passenger,95,cadet,
SU1700,UUEE,UHWW,A359, B77w,passenger,460,cadet,
SU1701,UHWW,UUEE,A359, B77w,passenger,510,cadet,
SU1702,UUEE,UHWW,A359, B77w,passenger,450,cadet,
SU1703,UHWW,UUEE,A359, B77w,passenger,510,cadet,
SU1704,UUEE,UHWW,A359, B77w,passenger,450,cadet,
SU1705,UHWW,UUEE,A359, B77w,passenger,505,cadet,
SU1706,UUEE,UHWW,A333, A359, B77w,passenger,445,cadet,
SU1707,UHWW,UUEE,A333, A359, B77w,passenger,510,cadet,
SU1708,UUEE,UHWW,A333, A359, B77w,passenger,460,cadet,
SU1709,UHWW,UUEE,A333, A359, B77w,passenger,490,cadet,
SU1710,UUEE,UHHH,A333, A359, B77w,passenger,405,cadet,
SU1711,UHHH,UUEE,A333, A359, B77w,passenger,465,cadet,
SU1712,UUEE,UHHH,A359, B77w,passenger,415,cadet,
SU1713,UHHH,UUEE,A359, B77w,passenger,470,cadet,
SU1714,UUEE,UHHH,A359, B77w,passenger,405,cadet,
SU1715,UHHH,UUEE,A359, B77w,passenger,465,cadet,
SU1718,UUEE,UHHH,A359, B77w,passenger,415,cadet,
SU1719,UHHH,UUEE,A359, B77w,passenger,500,cadet,
SU1730,UUEE,UHPP,A359, B77w,passenger,470,cadet,
SU1731,UHPP,UUEE,A359, B77w,passenger,500,cadet,
SU1732,UUEE,UHPP,A359, B77w,passenger,465,cadet,
SU1733,UHPP,UUEE,A359, B77w,passenger,485,cadet,
SU1734,UUEE,UHPP,A359, B77w,passenger,470,cadet,
SU1735,UHPP,UUEE,A359, B77w,passenger,480,cadet,
SU1736,UUEE,UHPP,B77w,passenger,470,cadet,
SU1737,UHPP,UUEE,B77w,passenger,505,cadet,
SU1742,UUEE,UHSS,A359, B77w,passenger,440,cadet,
SU1743,UHSS,UUEE,A359, B77w,passenger,500,cadet,
SU1744,UUEE,UHSS,B77w,passenger,465,cadet,
SU1745,UHSS,UUEE,B77w,passenger,485,cadet,
SU1746,UUEE,UHSS,A333, B77w,passenger,485,cadet,
SU1747,UHSS,UUEE,A333, B77w,passenger,510,cadet,
SU1750,UUEE,UEEE,B739,passenger,365,cadet,
SU1751,UEEE,UUEE,B739,passenger,405,cadet,
SU1752,UUEE,UEEE,B739,passenger,365,cadet,
SU1753,UEEE,UUEE,B739,passenger,375,cadet,
SU1757,UHWW,UUEE,A359, B77w,passenger,490,cadet,
SU1758,UUEE,URWW,A320, A321,passenger,95,cadet,
SU1759,URWW,UUEE,A320, A321,passenger,95,cadet,
SU1762,UUEE,UNOO,A320, A320, A321, B739,passenger,180,cadet,
SU1763,UNOO,UUEE,A320, A320, A321, B739,passenger,195,cadet,
SU1768,UUEE,USPP,A320, A321, A21N, B739,passenger,100,cadet,
SU1769,USPP,UUEE,A320, A321, A21N, B739,passenger,115,cadet,
SU1786,UUEE,UHSS,A359,passenger,450,cadet,
SU1787,UHSS,UUEE,A359,passenger,505,cadet,
SU1790,UUEE,UHWW,A359,passenger,455,cadet,
SU1794,UUEE,USCC,A320,passenger,125,cadet,
SU1795,USCC,UUEE,A320,passenger,140,cadet,
SU1798,UUEE,UHWW,A359, B77w,passenger,465,cadet,
SU1799,UHWW,UUEE,A359, B77w,passenger,500,cadet,
SU1828,UUEE,UBBG,A320,passenger,170,cadet,
SU1829,UBBG,UUEE,A320,passenger,190,cadet,
SU1830,UUEE,UMMS,A320, B739,passenger,65,cadet,
SU1842,UUEE,UMMS,A320, A320, A321, B739,passenger,65,cadet,
SU1843,UMMS,UUEE,A320, A320, A321, B739,passenger,65,cadet,
SU1844,UUEE,LUKK,A320,passenger,175,cadet,
SU1845,LUKK,UUEE,A320,passenger,175,cadet,
SU1850,UUEE,UBBB,B739,passenger,175,cadet,
SU1851,UBBB,UUEE,B739,passenger,180,cadet,
SU1854,UUEE,UBBB,A321, B739,passenger,165,cadet,
SU1855,UBBB,UUEE,A321, B739,passenger,185,cadet,
SU1856,UUEE,UBBB,A320,passenger,170,cadet,
SU1857,UBBB,UUEE,A320,passenger,180,cadet,
SU1860,UUEE,UDYZ,B739,passenger,190,cadet,
SU1861,UDYZ,UUEE,B739,passenger,190,cadet,
SU1862,UUEE,UDYZ,B739,passenger,190,cadet,
SU1863,UDYZ,UUEE,B739,passenger,200,cadet,
SU1864,UUEE,UDYZ,A21N, A333, B739,passenger,190,cadet,
SU1865,UDYZ,UUEE,A21N, A333, B739,passenger,185,cadet,
SU1866,UUEE,UDYZ,A320, A321, B739,passenger,185,cadet,
SU1867,UDYZ,UUEE,A320, A321, B739,passenger,190,cadet,
SU1868,UUEE,UDYZ,A321, B739,passenger,185,cadet,
SU1869,UDYZ,UUEE,A321, B739,passenger,175,cadet,
SU1870,UUEE,UTTT,A320, A333, A359, B739, B77w,passenger,205,cadet,
SU1871,UTTT,UUEE,A320, A333, A359, B739, B77w,passenger,245,cadet,
SU1872,UUEE,UTTT,B739,passenger,210,cadet,
SU1873,UTTT,UUEE,B739,passenger,255,cadet,
SU1874,UUEE,UTSS,B739,passenger,210,cadet,
SU1875,UTSS,UUEE,B739,passenger,255,cadet,
SU1876,UUEE,UTSB,A320, A320,passenger,170,cadet,
SU1877,UTSB,UUEE,A320, A320,passenger,245,cadet,
SU1878,UUEE,UTSS,A320, B739,passenger,210,cadet,
SU1879,UTSS,UUEE,A320, B739,passenger,250,cadet,
SU1880,UUEE,UCFM,A321,passenger,210,cadet,
SU1881,UCFM,UUEE,A321,passenger,275,cadet,
SU1882,UUEE,UCFM,A321,passenger,215,cadet,
SU1883,UCFM,UUEE,A321,passenger,265,cadet,
SU1886,UUEE,UCFM,A321, A359,passenger,210,cadet,
SU1887,UCFM,UUEE,A321, A359,passenger,265,cadet,
SU1890,UUEE,UTTT,A333, A359,passenger,195,cadet,
SU1891,UTTT,UUEE,A333, A359,passenger,255,cadet,
SU1892,UUEE,UCFL,A320, A320,passenger,255,cadet,
SU1893,UCFL,UUEE,A320, A320,passenger,255,cadet,
SU1894,UUEE,UCFO,A321, A21N,passenger,220,cadet,
SU1895,UCFO,UUEE,A321, A21N,passenger,285,cadet,
SU1898,UUEE,UCFO,A321, A21N,passenger,220,cadet,
SU1899,UCFO,UUEE,A321, A21N,passenger,270,cadet,
SU1936,UUEE,UAKK,A320, B739,passenger,185,cadet,
SU1937,UAKK,UUEE,A320, B739,passenger,230,cadet,
SU1940,UUEE,UAAA,A320, A321, A333,passenger,225,cadet,
SU1941,UAAA,UUEE,A320, A321, A333,passenger,305,cadet,
SU1942,UUEE,UAAA,A320, A321,passenger,235,cadet,
SU1943,UAAA,UUEE,A320, A321,passenger,290,cadet,
SU1946,UUEE,UAAA,A320,passenger,240,cadet,
SU1947,UAAA,UUEE,A320,passenger,285,cadet,
SU1950,UUEE,UAII,A320,passenger,200,cadet,
SU1951,UAII,UUEE,A320,passenger,270,cadet,
SU1954,UUEE,UATE,A320,passenger,160,cadet,
SU1955,UATE,UUEE,A320,passenger,170,cadet,
SU1956,UUEE,UACC,A320, A321, B739,passenger,170,cadet,
SU1957,UACC,UUEE,A320, A321, B739,passenger,215,cadet,
SU1958,UUEE,UATG,A320,passenger,125,cadet,
SU1959,UATG,UUEE,A320,passenger,150,cadet,
SU1960,UUEE,UDSG,A320,passenger,175,cadet,
SU1961,UDSG,UUEE,A320,passenger,175,cadet,
SU1962,UUEE,UACC,A320, A321, B739,passenger,175,cadet,
SU1963,UACC,UUEE,A320, A321, B739,passenger,220,cadet,
SU1964,UUEE,UDYZ,B739,passenger,180,cadet,
SU1965,UDYZ,UUEE,B739,passenger,185,cadet,
SU1966,UUEE,UDYZ,A320, A321, B739,passenger,170,cadet,
SU1967,UDYZ,UUEE,A320, A321, B739,passenger,200,cadet,
SU1968,UUEE,UDYZ,B739,passenger,180,cadet,
SU1969,UDYZ,UUEE,B739,passenger,185,cadet,
SU1970,UUEE,UTFF,B739,passenger,215,cadet,
SU1971,UTFF,UUEE,B739,passenger,305,cadet,
SU1974,UUEE,UTTT,B739,passenger,205,cadet,
SU1975,UTTT,UUEE,B739,passenger,280,cadet,
SU1976,UUEE,UTNU,A320, A320,passenger,200,cadet,
SU1977,UTNU,UUEE,A320, A320,passenger,220,cadet,
SU1984,UUEE,UTSS,B739,passenger,245,cadet,
SU1985,UTSS,UUEE,B739,passenger,245,cadet,
SU1986,UUEE,UACC,A333,passenger,185,cadet,
SU1987,UACC,UUEE,A333,passenger,195,cadet,
SU2000,UUEE,EPWA,A320,passenger,125,cadet,
SU2001,EPWA,UUEE,A320,passenger,125,cadet,
SU2010,UUEE,LKPR,A321, B739,passenger,175,cadet,
SU2011,LKPR,UUEE,A321, B739,passenger,175,cadet,
SU2030,UUEE,LHBP,A321,passenger,170,cadet,
SU2031,LHBP,UUEE,A321,passenger,150,cadet,
SU2034,UUEE,LROP,A320,passenger,175,cadet,
SU2035,LROP,UUEE,A320,passenger,175,cadet,
SU204,UUEE,ZBAD,B77w,passenger,395,cadet,
SU2040,UUEE,LDZA,A320,passenger,190,cadet,
SU2041,LDZA,UUEE,A320,passenger,190,cadet,
SU2046,UUEE,LDSP,A320,passenger,200,cadet,
SU2047,LDSP,UUEE,A320,passenger,200,cadet,
SU205,ZBAD,UUEE,B77w,passenger,480,cadet,
SU2050,UUEE,LYPG,A321,passenger,180,cadet,
SU2051,LYPG,UUEE,A321,passenger,180,cadet,
SU2052,UUEE,LYTV,B739,passenger,195,cadet,
SU2053,LYTV,UUEE,B739,passenger,195,cadet,
SU2056,UUEE,LDDU,A321, A333,passenger,195,cadet,
SU2057,LDDU,UUEE,A321, A333,passenger,195,cadet,
SU2058,UUEE,LDPL,A320,passenger,225,cadet,
SU2059,LDPL,UUEE,A320,passenger,225,cadet,
SU2060,UUEE,LBSF,A320, B739,passenger,200,cadet,
SU2061,LBSF,UUEE,A320, B739,passenger,200,cadet,
SU2070,UUEE,LCLK,A321, B77w,passenger,230,cadet,
SU2071,LCLK,UUEE,A321, B77w,passenger,230,cadet,
SU2076,UUEE,LCPH,B739,passenger,330,cadet,
SU2077,LCPH,UUEE,B739,passenger,330,cadet,
SU208,UUEE,ZSPD,A333, B77w,passenger,470,cadet,
SU209,ZSPD,UUEE,A333, B77w,passenger,570,cadet,
SU2090,UUEE,LYBE,A320, A321, A21N, A333,passenger,170,cadet,
SU2091,LYBE,UUEE,A320, A321, A21N, A333,passenger,170,cadet,
SU2100,UUEE,EVRA,A320,passenger,105,cadet,
SU2101,EVRA,UUEE,A320,passenger,105,cadet,
SU2104,UUEE,EYVI,A320,passenger,80,cadet,
SU2105,EYVI,UUEE,A320,passenger,80,cadet,
SU2110,UUEE,LGAV,A321, B77w,passenger,250,cadet,
SU2111,LGAV,UUEE,A321, B77w,passenger,250,cadet,
SU2118,UUEE,LTFE,B739,passenger,290,cadet,
SU2119,LTFE,UUEE,B739,passenger,290,cadet,
SU212,UUEE,VHHH,A333,passenger,575,cadet,
SU2120,UUEE,LTFE,B739,passenger,295,cadet,
SU2121,LTFE,UUEE,B739,passenger,280,cadet,
SU2122,UUEE,LTBS,A320, B739,passenger,295,cadet,
SU2123,LTBS,UUEE,A320, B739,passenger,285,cadet,
SU2125,LTAI,UUEE,A321, A333, B739, B77w,passenger,280,cadet,
SU213,VHHH,UUEE,A333,passenger,590,cadet,
SU2130,UUEE,LTFM,B739,passenger,280,cadet,
SU2131,LTFM,UUEE,B739,passenger,265,cadet,
SU2132,UUEE,LTFM,A321, B739,passenger,280,cadet,
SU2133,LTFM,UUEE,A321, B739,passenger,265,cadet,
SU2134,UUEE,LTFM,A320, A333, B739, B77w,passenger,270,cadet,
SU2135,LTFM,UUEE,A320, A333, B739, B77w,passenger,250,cadet,
SU2136,UUEE,LTFM,B739,passenger,285,cadet,
SU2137,LTFM,UUEE,B739,passenger,265,cadet,
SU2138,UUEE,LTFM,B739,passenger,280,cadet,
SU2139,LTFM,UUEE,B739,passenger,240,cadet,
SU2140,UUEE,LTFM,B739,passenger,280,cadet,
SU2141,LTFM,UUEE,B739,passenger,265,cadet,
SU2142,UUEE,LTAI,A320, A359, B739,passenger,280,cadet,
SU2143,LTAI,UUEE,A320, A359, B739,passenger,275,cadet,
SU2145,LTAI,UUEE,A333, B77w,passenger,230,cadet,
SU2146,UUEE,LTAI,A320, A320, A333, B739, B77w,passenger,270,cadet,
SU2147,LTAI,UUEE,A320, A320, A333, B739, B77w,passenger,275,cadet,
SU2149,LTAI,UUEE,A333, B77w,passenger,250,cadet,
SU2150,UUEE,LTBJ,B739,passenger,275,cadet,
SU2151,LTBJ,UUEE,B739,passenger,275,cadet,
SU2152,UUEE,LTAF,A320, A320,passenger,265,cadet,
SU2153,LTAF,UUEE,A320, A320,passenger,240,cadet,
SU2154,UUEE,EDDL,A321,passenger,190,cadet,
SU2155,EDDL,UUEE,A321,passenger,190,cadet,
SU2156,UUEE,LBBG,A320,passenger,230,cadet,
SU2157,LBBG,UUEE,A320,passenger,230,cadet,
SU2158,UUEE,LBWN,A320,passenger,200,cadet,
SU2159,LBWN,UUEE,A320,passenger,200,cadet,
SU216,UUEE,ZUUU,A333,passenger,440,cadet,
SU2168,UUEE,EBBR,B739,passenger,210,cadet,
SU2169,EBBR,UUEE,B739,passenger,210,cadet,
SU217,ZUUU,UUEE,A333,passenger,500,cadet,
SU2170,UUEE,LTFM,B739,passenger,265,cadet,
SU2171,LTFM,UUEE,B739,passenger,250,cadet,
SU2172,UUEE,LTFM,A320, A321, B739,passenger,305,cadet,
SU2173,LTFM,UUEE,A320, A321, B739,passenger,245,cadet,
SU2174,UUEE,ENGM,A320,passenger,185,cadet,
SU2175,ENGM,UUEE,A320,passenger,185,cadet,
SU2184,UUEE,LOWW,A321, B739,passenger,200,cadet,
SU2185,LOWW,UUEE,A321, B739,passenger,200,cadet,
SU2192,UUEE,EHAM,A320, A320,passenger,190,cadet,
SU2193,EHAM,UUEE,A320, A320,passenger,190,cadet,
SU220,UUEE,ZGGG,B77w,passenger,515,cadet,
SU2200,UUEE,EFHK,A320,passenger,110,cadet,
SU2201,EFHK,UUEE,A320,passenger,110,cadet,
SU221,ZGGG,UUEE,B77w,passenger,590,cadet,
SU2210,UUEE,ESSA,A320, B739,passenger,135,cadet,
SU2211,ESSA,UUEE,A320, B739,passenger,135,cadet,
SU224,UUEE,ZJSY,A333,passenger,560,cadet,
SU225,ZJSY,UUEE,A333,passenger,635,cadet,
SU2300,UUEE,EDDF,A320, A321, B739, B77w,passenger,195,cadet,
SU2301,EDDF,UUEE,A320, A321, B739, B77w,passenger,195,cadet,
SU2314,UUEE,EDDB,A320, A321, B739,passenger,190,cadet,
SU2315,EDDB,UUEE,A320, A321, B739,passenger,190,cadet,
SU232,UUEE,VIDP,A333, A359, B77w,passenger,325,cadet,
SU2322,UUEE,EDDM,A321, B739,passenger,195,cadet,
SU2323,EDDM,UUEE,A321, B739,passenger,195,cadet,
SU233,VIDP,UUEE,A333, A359, B77w,passenger,380,cadet,
SU2336,UUEE,EDDS,A320,passenger,200,cadet,
SU2337,EDDS,UUEE,A320,passenger,200,cadet,
SU2342,UUEE,EDDV,A320, A320,passenger,195,cadet,
SU2343,EDDV,UUEE,A320, A320,passenger,195,cadet,
SU2344,UUEE,EDDC,A320, A320,passenger,170,cadet,
SU2345,EDDC,UUEE,A320, A320,passenger,170,cadet,
SU2346,UUEE,EDDH,A320, B739,passenger,190,cadet,
SU2347,EDDH,UUEE,A320, B739,passenger,190,cadet,
SU236,UUEE,VOGO,A333,passenger,415,cadet,
SU2360,UUEE,LFMN,A320,passenger,240,cadet,
SU2361,LFMN,UUEE,A320,passenger,240,cadet,
SU237,VOGO,UUEE,A333,passenger,445,cadet,
SU2374,UUEE,LFLL,A320, A321,passenger,240,cadet,
SU2375,LFLL,UUEE,A320, A321,passenger,240,cadet,
SU2378,UUEE,LFML,A320,passenger,250,cadet,
SU2379,LFML,UUEE,A320,passenger,225,cadet,
SU2380,UUEE,LSGG,A321,passenger,225,cadet,
SU2381,LSGG,UUEE,A321,passenger,225,cadet,
SU2390,UUEE,LSZH,A321, B739,passenger,250,cadet,
SU2391,LSZH,UUEE,A321, B739,passenger,250,cadet,
SU2400,UUEE,LIRF,A320, A321,passenger,225,cadet,
SU2401,LIRF,UUEE,A320, A321,passenger,225,cadet,
SU2410,UUEE,LIMC,A321, B739,passenger,230,cadet,
SU2411,LIMC,UUEE,A321, B739,passenger,230,cadet,
SU2422,UUEE,LIPZ,A320,passenger,225,cadet,
SU2423,LIPZ,UUEE,A320,passenger,225,cadet,
SU2424,UUEE,LIPE,A320, B739,passenger,190,cadet,
SU2425,LIPE,UUEE,A320, B739,passenger,190,cadet,
SU244,UUEE,FSIA,A333,passenger,515,cadet,
SU245,FSIA,UUEE,A333,passenger,545,cadet,
SU2452,UUEE,LFPG,A320, A321,passenger,195,cadet,
SU2453,LFPG,UUEE,A320, A321,passenger,195,cadet,
SU246,UUEE,FIMP,B77w,passenger,640,cadet,
SU247,FIMP,UUEE,B77w,passenger,665,cadet,
SU2480,UUEE,LIRN,A320, A320,passenger,250,cadet,
SU2481,LIRN,UUEE,A320, A320,passenger,250,cadet,
SU2482,UUEE,LIPX,A320, A320,passenger,185,cadet,
SU2483,LIPX,UUEE,A320, A320,passenger,185,cadet,
SU2496,UUEE,EKCH,A320,passenger,130,cadet,
SU2497,EKCH,UUEE,A320,passenger,130,cadet,
SU250,UUEE,RKSI,B77w,passenger,470,cadet,
SU2500,UUEE,LEMD,A320, B739,passenger,345,cadet,
SU2501,LEMD,UUEE,A320, B739,passenger,345,cadet,
SU2502,UUEE,LEVC,A320,passenger,330,cadet,
SU2503,LEVC,UUEE,A320,passenger,330,cadet,
SU2504,UUEE,LEBL,A320, A321,passenger,270,cadet,
SU2505,LEBL,UUEE,A320, A321,passenger,270,cadet,
SU251,RKSI,UUEE,B77w,passenger,565,cadet,
SU2518,UUEE,LEPA,A321,passenger,240,cadet,
SU2519,LEPA,UUEE,A321,passenger,240,cadet,
SU2520,UUEE,LEMG,B739,passenger,335,cadet,
SU2521,LEMG,UUEE,B739,passenger,335,cadet,
SU2522,UUEE,LEAL,B739,passenger,290,cadet,
SU2523,LEAL,UUEE,B739,passenger,290,cadet,
SU2548,UUEE,GCTS,A320,passenger,470,cadet,
SU2549,GCTS,UUEE,A320,passenger,470,cadet,
SU2572,UUEE,EGLL,A320, A321, B739, B77w,passenger,225,cadet,
SU2573,EGLL,UUEE,A320, A321, B739, B77w,passenger,225,cadet,
SU2590,UUEE,EIDW,A320,passenger,265,cadet,
SU2591,EIDW,UUEE,A320,passenger,265,cadet,
SU260,UUEE,RJTT,A333, A359, B77w,passenger,565,cadet,
SU2606,UUEE,LPPT,B739,passenger,305,cadet,
SU2607,LPPT,UUEE,B739,passenger,345,cadet,
SU261,RJTT,UUEE,A333, A359, B77w,passenger,585,cadet,
SU2610,UUEE,LJLJ,A321,passenger,195,cadet,
SU2611,LJLJ,UUEE,A321,passenger,195,cadet,
SU270,UUEE,VTBS,B77w,passenger,505,cadet,
SU271,VTBS,UUEE,B77w,passenger,575,cadet,
SU272,UUEE,VTSB,B77w,passenger,500,cadet,
SU273,VTSB,UUEE,B77w,passenger,575,cadet,
SU274,UUEE,VTSP,B77w,passenger,520,cadet,
SU275,VTSP,UUEE,B77w,passenger,590,cadet,
SU276,UUEE,VTSP,B77w,passenger,510,cadet,
SU277,VTSP,UUEE,B77w,passenger,620,cadet,
SU278,UUEE,VTSP,B77w,passenger,525,cadet,
SU279,VTSP,UUEE,B77w,passenger,565,cadet,
SU2804,ULLI,URSS,A320,passenger,245,cadet,
SU2805,URSS,ULLI,A320,passenger,230,cadet,
SU2806,ULLI,UNKL,A320,passenger,260,cadet,
SU2807,UNKL,ULLI,A320,passenger,260,cadet,
SU2814,ULLI,URSS,A320,passenger,245,cadet,
SU2815,URSS,ULLI,A320,passenger,230,cadet,
SU2816,URMM,USSS,A320,passenger,170,cadet,
SU2817,USSS,URMM,A320,passenger,190,cadet,
SU2818,URMM,UWUU,A320,passenger,160,cadet,
SU2819,UWUU,URMM,A320,passenger,155,cadet,
SU2820,URMM,USPP,A320,passenger,175,cadet,
SU2821,USPP,URMM,A320,passenger,190,cadet,
SU2822,URMM,UWKD,A320,passenger,140,cadet,
SU2823,UWKD,URMM,A320,passenger,165,cadet,
SU2824,URMM,UWWW,A320,passenger,155,cadet,
SU2825,UWWW,URMM,A320,passenger,155,cadet,
SU2826,ULLI,URMM,A320,passenger,220,cadet,
SU2827,URMM,ULLI,A320,passenger,200,cadet,
SU2828,ULLI,URMM,A320,passenger,220,cadet,
SU2829,URMM,ULLI,A320,passenger,225,cadet,
SU2830,URSS,ULLI,A320,passenger,235,cadet,
SU2831,ULLI,URSS,A320,passenger,220,cadet,
SU2834,ULLI,URSS,A320,passenger,170,cadet,
SU2835,URSS,ULLI,A320,passenger,200,cadet,
SU2838,ULLI,LYBE,A320,passenger,175,cadet,
SU2839,LYBE,ULLI,A320,passenger,175,cadet,
SU2840,ULLI,URFF,A320,passenger,210,cadet,
SU2841,URFF,ULLI,A320,passenger,210,cadet,
SU2842,ULLI,UMKK,A320,passenger,90,cadet,
SU2843,UMKK,ULLI,A320,passenger,90,cadet,
SU2844,ULLI,UMKK,A320,passenger,110,cadet,
SU2845,UMKK,ULLI,A320,passenger,80,cadet,
SU2848,UNKL,URKK,B739,passenger,315,cadet,
SU2849,URKK,UNKL,B739,passenger,315,cadet,
SU2850,ULLI,LCPH,A320,passenger,315,cadet,
SU2851,LCPH,ULLI,A320,passenger,280,cadet,
SU2852,ULLI,UWOO,A320,passenger,150,cadet,
SU2853,UWOO,ULLI,A320,passenger,160,cadet,
SU2854,ULLI,USTJ,A320, A320,passenger,175,cadet,
SU2855,USTJ,ULLI,A320, A320,passenger,175,cadet,
SU2858,ULLI,URML,A320,passenger,210,cadet,
SU2859,URML,ULLI,A320,passenger,195,cadet,
SU2862,ULLI,ULMM,A320,passenger,90,cadet,
SU2863,ULMM,ULLI,A320,passenger,100,cadet,
SU2864,URKA,UWUU,A320,passenger,155,cadet,
SU2865,UWUU,URKA,A320,passenger,155,cadet,
SU2866,UNKL,USTR,B739,passenger,180,cadet,
SU2867,USTR,UNKL,B739,passenger,180,cadet,
SU2868,ULLI,USPP,A320,passenger,125,cadet,
SU2869,USPP,ULLI,A320,passenger,140,cadet,
SU2870,ULLI,UTSS,A320,passenger,270,cadet,
SU2871,UTSS,ULLI,A320,passenger,270,cadet,
SU2874,ULLI,UNNT,A320,passenger,230,cadet,
SU2875,UNNT,ULLI,A320,passenger,265,cadet,
SU2878,UNKL,UHBB,B739,passenger,205,cadet,
SU2879,UHBB,UNKL,B739,passenger,205,cadet,
SU2880,URSS,UUYY,A320,passenger,270,cadet,
SU2881,UUYY,URSS,A320,passenger,270,cadet,
SU2896,UNKL,URSS,B739,passenger,350,cadet,
SU2897,URSS,UNKL,B739,passenger,350,cadet,
SU290,UUEE,VVNB,B77w,passenger,515,cadet,
SU2900,USTR,URKA,A320,passenger,205,cadet,
SU2901,URKA,USTR,A320,passenger,205,cadet,
SU2902,USTR,URKK,A320,passenger,255,cadet,
SU2903,URKK,USTR,A320,passenger,255,cadet,
SU2906,UWKD,URKA,A320,passenger,150,cadet,
SU2907,URKA,UWKD,A320,passenger,150,cadet,
SU2908,UNNT,URKK,A320,passenger,265,cadet,
SU2909,URKK,UNNT,A320,passenger,265,cadet,
SU291,VVNB,UUEE,B77w,passenger,620,cadet,
SU2910,USPP,URKA,A320,passenger,180,cadet,
SU2911,URKA,USPP,A320,passenger,180,cadet,
SU2914,URSS,USPP,A320,passenger,190,cadet,
SU2915,USPP,URSS,A320,passenger,220,cadet,
SU2918,URSS,USSS,A320,passenger,215,cadet,
SU2919,USSS,URSS,A320,passenger,200,cadet,
SU292,UUEE,VVTS,A359, B77w,passenger,590,cadet,
SU2920,ULMM,URSS,A320,passenger,255,cadet,
SU2921,URSS,ULMM,A320,passenger,255,cadet,
SU2922,ULAA,URKA,A320,passenger,195,cadet,
SU2923,URKA,ULAA,A320,passenger,195,cadet,
SU2926,UWOO,URFF,A320,passenger,200,cadet,
SU2927,URFF,UWOO,A320,passenger,200,cadet,
SU2928,URSS,UNOO,A320,passenger,215,cadet,
SU2929,UNOO,URSS,A320,passenger,215,cadet,
SU293,VVTS,UUEE,A359, B77w,passenger,610,cadet,
SU2930,USSS,URFF,A320,passenger,205,cadet,
SU2931,URFF,USSS,A320,passenger,205,cadet,
SU2932,URSS,UWUU,A320,passenger,170,cadet,
SU2933,UWUU,URSS,A320,passenger,190,cadet,
SU2934,URSS,UWKD,A320,passenger,165,cadet,
SU2935,UWKD,URSS,A320,passenger,185,cadet,
SU2940,UWUU,URFF,A320,passenger,190,cadet,
SU2941,URFF,UWUU,A320,passenger,190,cadet,
SU2942,USTR,URFF,A320,passenger,250,cadet,
SU2943,URFF,USTR,A320,passenger,250,cadet,
SU2944,USPP,URFF,A320,passenger,215,cadet,
SU2945,URFF,USPP,A320,passenger,215,cadet,
SU2946,UNNT,URFF,A320,passenger,310,cadet,
SU2947,URFF,UNNT,A320,passenger,310,cadet,
SU2948,UWKD,URFF,A320,passenger,170,cadet,
SU2949,URFF,UWKD,A320,passenger,170,cadet,
SU2950,UWKD,URKK,A320,passenger,160,cadet,
SU2951,URKK,UWKD,A320,passenger,160,cadet,
SU2952,URSS,USCC,A320,passenger,190,cadet,
SU2953,USCC,URSS,A320,passenger,190,cadet,
SU2954,USCC,URKA,A320,passenger,180,cadet,
SU2955,URKA,USCC,A320,passenger,180,cadet,
SU2956,URSS,UWWW,A320,passenger,170,cadet,
SU2957,UWWW,URSS,A320,passenger,170,cadet,
SU296,WADD,UUEE,B77w,passenger,755,cadet,
SU2960,URSS,USSS,A320,passenger,215,cadet,
SU2961,USSS,URSS,A320,passenger,215,cadet,
SU2964,USRR,URKK,A320,passenger,240,cadet,
SU2965,URKK,USRR,A320,passenger,240,cadet,
SU2966,UUYY,URFF,A320,passenger,230,cadet,
SU2967,URFF,UUYY,A320,passenger,230,cadet,
SU2968,ULMM,URFF,A320,passenger,270,cadet,
SU297,UUEE,WADD,A359,passenger,745,cadet,
SU320,UUEE,VRMM,A359, B77w,passenger,485,cadet,
SU321,VRMM,UUEE,A359, B77w,passenger,505,cadet,
SU324,UUEE,VRMM,B77w,passenger,480,cadet,
SU325,VRMM,UUEE,B77w,passenger,515,cadet,
SU330,UUEE,ZMCK,B739,passenger,345,cadet,
SU331,ZMCK,UUEE,B739,passenger,405,cadet,
SU38,UUEE,ULLI,B739,passenger,65,cadet,
SU39,ULLI,UUEE,B739,passenger,60,cadet,
SU400,UUEE,HECA,B739,passenger,330,cadet,
SU401,HECA,UUEE,B739,passenger,330,cadet,
SU410,UUEE,DTNH,A333,passenger,535,cadet,
SU411,DTNH,UUEE,A333,passenger,490,cadet,
SU416,UUEE,GMMN,A320, A333,passenger,320,cadet,
SU417,GMMN,UUEE,A320, A333,passenger,300,cadet,
SU422,UUEE,HEGN,A333, B77w,passenger,340,cadet,
SU423,HEGN,UUEE,A333, B77w,passenger,290,cadet,
SU424,UUEE,HEGN,B739,passenger,355,cadet,
SU425,HEGN,UUEE,B739,passenger,355,cadet,
SU426,UUEE,HESH,A333, B77w,passenger,345,cadet,
SU427,HESH,UUEE,A333, B77w,passenger,340,cadet,
SU428,UUEE,HESH,B739,passenger,350,cadet,
SU429,HESH,UUEE,B739,passenger,360,cadet,
SU500,UUEE,LLBG,A321, A333, B739, B77w,passenger,370,cadet,
SU501,LLBG,UUEE,A321, A333, B739, B77w,passenger,370,cadet,
SU510,UUEE,OLBA,A320, B739,passenger,355,cadet,
SU511,OLBA,UUEE,A320, B739,passenger,225,cadet,
SU514,UUEE,OIIE,A321,passenger,210,cadet,
SU515,OIIE,UUEE,A321,passenger,225,cadet,
SU520,UUEE,OMDB,A333, B77w,passenger,290,cadet,
SU521,OMDB,UUEE,A333, B77w,passenger,315,cadet,
SU522,UUEE,OMDW,B739,passenger,300,cadet,
SU523,OMDW,UUEE,B739,passenger,350,cadet,
SU524,UUEE,OMDB,B739,passenger,300,cadet,
SU525,OMDB,UUEE,B739,passenger,320,cadet,
SU526,UUEE,OMDB,A333, B739, B77w,passenger,295,cadet,
SU527,OMDB,UUEE,A333, B739, B77w,passenger,325,cadet,
SU528,UUEE,OMSJ,B739,passenger,345,cadet,
SU529,OMSJ,UUEE,B739,passenger,345,cadet,
SU530,UUEE,OMAA,B739,passenger,305,cadet,
SU531,OMAA,UUEE,B739,passenger,345,cadet,
SU600,ULLI,LDZA,A320,passenger,180,cadet,
SU601,LDZA,ULLI,A320,passenger,180,cadet,
SU602,ULLI,UTFN,A320,passenger,335,cadet,
SU603,UTFN,ULLI,A320,passenger,335,cadet,
SU604,ULLI,UTNU,A320,passenger,250,cadet,
SU605,UTNU,ULLI,A320,passenger,260,cadet,
SU606,URMM,UDYZ,A320,passenger,90,cadet,
SU607,UDYZ,URMM,A320,passenger,90,cadet,
SU608,URKK,UDYZ,A320,passenger,120,cadet,
SU609,UDYZ,URKK,A320,passenger,120,cadet,
SU612,UDYZ,URRP,A320,passenger,130,cadet,
SU613,URRP,UDYZ,A320,passenger,130,cadet,
SU614,URSS,UDYZ,A320,passenger,85,cadet,
SU615,UDYZ,URSS,A320,passenger,85,cadet,
SU616,URSS,UDYZ,B739,passenger,195,cadet,
SU617,UDYZ,USSS,B739,passenger,180,cadet,
SU626,USSS,VTSP,A333,passenger,480,cadet,
SU627,VTSP,USSS,A333,passenger,480,cadet,
SU628,ULLI,VTSP,A333,passenger,600,cadet,
SU629,VTSP,ULLI,A333,passenger,640,cadet,
SU630,USSS,LTFM,B739,passenger,295,cadet,
SU631,LTFM,USSS,B739,passenger,255,cadet,
SU632,USSS,VOGO,B739,passenger,370,cadet,
SU633,VOGO,USSS,B739,passenger,370,cadet,
SU634,UNKL,VTSP,B77w,passenger,405,cadet,
SU635,VTSP,UNKL,B77w,passenger,405,cadet,
SU636,UNNT,VTSP,B77w,passenger,420,cadet,
SU637,VTSP,UHWW,B77w,passenger,440,cadet,
SU638,UHWW,VTSP,B77w,passenger,405,cadet,
SU639,VTSP,UHWW,B77w,passenger,390,cadet,
SU642,VTSP,UHHH,B77w,passenger,420,cadet,
SU643,UHHH,VTSP,B77w, A359,passenger,430,cadet,
SU644,UHWW,VTBS,B739, B77w,passenger,385,cadet,
SU645,VTBS,UHWW,B739, B77w,passenger,350,cadet,
SU646,UNNT,VTBS,A333, B739,passenger,390,cadet,
SU647,VTBS,UNNT,A333, B739,passenger,415,cadet,
SU650,UNNT,VTBS,A333, B739,passenger,390,cadet,
SU651,VTBS,UNNT,A333, B739,passenger,410,cadet,
SU652,USSS,VTBS,A333,passenger,515,cadet,
SU653,VTBS,USSS,A333,passenger,515,cadet,
SU654,UHHH,VTBS,A333,passenger,400,cadet,
SU655,VTBS,UHHH,A333,passenger,405,cadet,
SU656,UHHH,VTSP,B77w,passenger,440,cadet,
SU657,VTSP,UHHH,B77w,passenger,455,cadet,
SU658,UIII,VTSP,B739,passenger,350,cadet,
SU659,VTSP,UIII,B739,passenger,355,cadet,
SU660,UIII,VTSP,A321, A21N,passenger,390,cadet,
SU661,VTSP,UIII,A321, A21N,passenger,390,cadet,
SU684,URSS,UDYZ,B739,passenger,195,cadet,
SU685,UDYZ,USSS,B739,passenger,190,cadet,
SU700,ULLI,UCFL,A320,passenger,325,cadet,
SU701,UCFL,ULLI,A320,passenger,345,cadet,
SU704,UWKD,EDDF,A321,passenger,260,cadet,
SU705,EDDF,UWKD,A321,passenger,240,cadet,
SU710,ULLI,EDDH,A320,passenger,150,cadet,
SU711,EDDH,ULLI,A320,passenger,150,cadet,
SU714,ULLI,UBBB,A320,passenger,230,cadet,
SU715,UBBB,ULLI,A320,passenger,230,cadet,
SU720,ULLI,UTTT,A320,passenger,405,cadet,
SU721,UTTT,ULLI,A320,passenger,310,cadet,
SU722,ULLI,LTFM,B739,passenger,320,cadet,
SU723,LTFM,ULLI,B739,passenger,305,cadet,
SU732,ULLI,HEGN,A333,passenger,630,cadet,
SU733,HEGN,ULLI,A333,passenger,375,cadet,
SU734,ULLI,HESH,A333,passenger,380,cadet,
SU735,HESH,ULLI,A333,passenger,210,cadet,
SU752,URSS,LTAI,A320,passenger,95,cadet,
SU753,LTAI,URSS,A320,passenger,95,cadet,
SU760,URSS,LTFE,A320,passenger,100,cadet,
SU761,LTFE,URSS,A320,passenger,100,cadet,
SU764,URSS,OMDW,A320,passenger,180,cadet,
SU765,OMDW,URSS,A320,passenger,180,cadet,
SU766,URSS,LTBS,A320,passenger,110,cadet,
SU767,LTBS,URSS,A320,passenger,110,cadet,
SU778,URSS,LTFM,A320,passenger,165,cadet,
SU779,LTFM,URSS,A320,passenger,165,cadet,
SU788,ULLI,LTAI,B739,passenger,315,cadet,
SU789,LTAI,ULLI,B739,passenger,290,cadet,
SU790,ULLI,LTAI,B739,passenger,325,cadet,
SU791,LTAI,ULLI,B739,passenger,325,cadet,
SU792,USSS,LTAI,B739,passenger,285,cadet,
SU793,LTAI,USSS,B739,passenger,270,cadet,
SU794,UWKD,LTAI,B739,passenger,265,cadet,
SU795,LTAI,UWKD,B739,passenger,245,cadet,
SU796,UWWW,LTAI,B739,passenger,235,cadet,
SU797,LTAI,UWWW,B739,passenger,235,cadet,
SU798,UWUU,LTAI,B739,passenger,265,cadet,
SU799,LTAI,UWUU,B739,passenger,250,cadet,
SU800,UWGG,LTAI,B739,passenger,265,cadet,
SU801,LTAI,UWGG,B739,passenger,245,cadet,
SU802,UNNT,LTAI,B739,passenger,380,cadet,
SU803,LTAI,UNNT,B739,passenger,320,cadet,
SU807,UNNT,LTAI,B739,passenger,340,cadet,
SU808,LTAI,UNNT,B739,passenger,280,cadet,
SU814,UNKL,VTBS,A333, B739,passenger,380,cadet,
SU815,VTBS,UNKL,A333, B739,passenger,395,cadet,
SU822,USSS,UMMS,A320,passenger,240,cadet,
SU823,UMMS,USSS,A320,passenger,240,cadet,
SU824,UNNT,VTSP,B77w,passenger,410,cadet,
SU825,VTSP,UHWW,B77w,passenger,440,cadet,
SU826,URKK,UMMS,A320,passenger,160,cadet,
SU827,UMMS,URKK,A320,passenger,160,cadet,
SU832,USSS,UCFL,A320,passenger,185,cadet,
SU833,UCFL,USSS,A320,passenger,185,cadet,
SU834,USRR,UCFL,A320,passenger,210,cadet,
SU835,UCFL,USRR,A320,passenger,210,cadet,
SU836,UNKL,UTSB,B739,passenger,265,cadet,
SU837,UTSB,UNKL,B739,passenger,265,cadet,
SU838,UNKL,UTSS,B739,passenger,255,cadet,
SU839,UTSS,UNKL,B739,passenger,255,cadet,
SU842,UNNT,UDYZ,B739,passenger,310,cadet,
SU843,UDYZ,UNNT,B739,passenger,310,cadet,
SU844,UUOO,UDYZ,A320,passenger,150,cadet,
SU845,UDYZ,UUOO,A320,passenger,150,cadet,
SV110,EGLL,OERK,B77w,passenger,368,first_officer,SVA Codeshare
SV111,OERK,EGLL,B77w,passenger,392,first_officer,SVA Codeshare
SV179,OERK,EDDF,B789,passenger,360,first_officer,SVA Codeshare
SV180,EDDF,OERK,B789,passenger,360,first_officer,SVA Codeshare
SV20,KJFK,OEJN,B77w,passenger,720,first_officer,SVA Codeshare
SV21,OEJN,KJFK,B77w,passenger,720,first_officer,SVA Codeshare
SV263,OERK,LTFM,A333,passenger,233,first_officer,SVA Codeshare
SV264,LTFM,OERK,A333,passenger,233,first_officer,SVA Codeshare
SV372,GMMN,OEJN,B789,passenger,360,first_officer,SVA Codeshare
SV373,OEJN,GMMN,B789,passenger,360,first_officer,SVA Codeshare
SV420,HAAB,OEJN,A333, B77w,passenger,120,first_officer,SVA Codeshare
SV421,OEJN,HAAB,A333, B77w,passenger,120,first_officer,SVA Codeshare
SV560,OERK,UUEE,B789, A333, B77w,passenger,89,first_officer,SVA Codeshare
SV561,UUEE,OERK,A333,passenger,87,first_officer,SVA Codeshare
SV771,VABB,OEJN,B77w,passenger,310,first_officer,SVA Codeshare
SV772,OEJN,VABB,B77w,passenger,305,first_officer,SVA Codeshare
SV866,OEJN,VOBL,A333,passenger,320,first_officer,SVA Codeshare
SV867,VOBL,OEJN,A333,passenger,360,first_officer,SVA Codeshare
SV933,OEJN,EHAM,B77F,cargo,330,first_officer,SVA Codeshare
SV934,EHAM,OEJN,B77F,cargo,330,first_officer,SVA Codeshare
SY1577,KMSP,KOAK,B738,passenger,240,first_officer,SCXV Codeshare
SY1578,KOAK,KMSP,B738,passenger,240,first_officer,SCXV Codeshare
SY213,KMKE,KPHX,B738,passenger,270,first_officer,SCXV Codeshare
SY214,KPHX,KMKE,B738,passenger,210,first_officer,SCXV Codeshare
SY3025,KPDX,KMCO,B738,passenger,300,first_officer,SCXV Codeshare
SY3026,KMCO,KPDX,B738,passenger,330,first_officer,SCXV Codeshare
SY342,KMCO,KMSP,B738,passenger,180,first_officer,SCXV Codeshare
SY421,KMSP,KLAX,B738,passenger,210,first_officer,SCXV Codeshare
SY422,KLAX,KMSP,B738,passenger,210,first_officer,SCXV Codeshare
SY471,KMSP,PANC,B738,passenger,300,first_officer,SCXV Codeshare
SY472,PANC,KMSP,B738,passenger,300,first_officer,SCXV Codeshare
SY555,KMKE,MMUN,B738,passenger,240,first_officer,SCXV Codeshare
SY556,MMUN,KMKE,B738,passenger,240,first_officer,SCXV Codeshare
SY567,KMSP,KJFK,B738,passenger,120,first_officer,SCXV Codeshare
SY568,KJFK,KMSP,B738,passenger,120,first_officer,SCXV Codeshare
SY731,KMSP,TNCM,B738,passenger,180,first_officer,SCXV Codeshare
SY732,TNCM,KMSP,B738,passenger,180,first_officer,SCXV Codeshare
SY745,KMSP,MDPC,B738,passenger,300,first_officer,SCXV Codeshare
SY746,MDPC,KMSP,B738,passenger,360,first_officer,SCXV Codeshare